I,N,49879.22
I,N,49805.45
I,N,49758.38
I,N,49653.16
I,N,49639.21
I,N,49655.3
I,N,49585.19
I,N,49742.57
I,N,49618.11
I,N,49507.07
I,N,49506.59
I,N,49382.64
I,N,49368.4
I,N,49328.27
I,N,49450.63
I,N,49477.42
I,N,49474.99
I,N,49562.79
I,N,49380.61
I,N,49376.3
I,N,49403.16
I,N,49578.54
I,N,49665.87
I,N,49877.44
I,N,49924.36
I,N,49897.47
I,N,49895.99
I,N,49866.18
I,N,49885.64
I,N,49801.49
I,N,49724.98
I,N,49540.36
I,N,49534.98
I,N,49444.41
I,N,49459.01
I,N,49393.95
I,N,49433.23
I,N,49615.19
I,N,49757.55
I,N,49829.43
I,N,49772.03
I,N,49694.08
I,N,49744.16
I,N,49537.68
I,N,49504.84
I,N,49565.31
I,N,49652.38
I,N,49583.89
I,N,49658.57
I,N,49705.94
I,N,49729.01
I,N,49700.4
I,N,49663.19
I,N,49682.19
I,N,49666.47
I,N,49692.32
I,N,49646.12
I,N,49629.47
I,N,49593.48
I,N,49638.68
I,N,49710.96
I,N,49631.86
I,N,49659.39
I,N,49699.95
I,N,49670.3
I,N,49636.72
I,N,49655.04
I,N,49644.02
I,N,49658.62
I,N,49690.33
I,N,49778.09
I,N,49728.77
I,N,49682.29
I,N,49625.25
I,N,49576.37
I,N,49529.02
I,N,49518.68
I,N,49505.02
I,N,49385.44
I,N,49402.75
I,N,49342.01
I,N,49297.86
I,N,49340.7
I,N,49286.28
I,N,49218.35
I,N,49150.77
I,N,49080.48
I,N,49008.81
I,N,48983.53
I,N,48949.59
I,N,48942.98
I,N,48953.03
I,N,48915
I,N,48831.03
I,N,48911.43
I,N,48965.19
I,N,48952.66
I,N,48990.73
I,N,49000.02
I,N,49023.22
I,N,49167.35
I,N,49264.78
I,N,49354.7
I,N,49452.68
I,N,49487.29
I,N,49422.39
I,N,49254.47
I,N,49153.72
I,N,49234.37
I,N,49100.31
I,N,49030.36
I,N,48893.18
I,N,48865.35
I,N,48645.02
I,N,48593.35
I,N,48723.19
I,N,48685.06
I,N,48549.26
I,N,48563.95
I,N,48683.55
I,N,48613.22
I,N,48723.76
I,N,48758.77
I,N,48777.79
I,N,48786.28
I,N,48728.21
I,N,48779.66
I,N,48785.07
I,N,48880.82
I,N,48888.57
I,N,48864.5
I,N,48986.19
I,N,48976.95
I,N,48880.49
I,N,49026.9
I,N,49025.72
I,N,49034.56
I,N,49141.89
I,N,49074.82
I,N,49157.19
I,N,49100.98
I,N,49100.98
I,N,49151.14
I,N,49124.24
I,N,49124.24
I,N,49098.25
I,N,49054.95
I,N,49070.41
I,N,49070.41
I,N,49072.87
I,N,49035.06
I,N,49013.14
I,N,49093.34
I,N,49071.24
I,N,48960.96
I,N,48807.58
I,N,48690.72
I,N,48764.65
I,N,48874.73
I,N,49047.66
I,N,49145.78
I,N,49151.65
I,N,49157.56
I,N,49060.49
I,N,48991.98
I,N,48990.69
I,N,48924.92
I,N,48699.84
I,N,48752.68
I,N,48752.68
I,N,48722.15
I,N,48714.83
I,N,48604.86
I,N,48665.17
I,N,48677.66
I,N,48673.1
I,N,48715.78
I,N,48650.87
I,N,48594.44
I,N,48620.72
I,N,48683.67
I,N,48687.7
I,N,48547.4
I,N,48417.4
I,N,48400.52
I,N,48326.52
I,N,48387.8
I,N,48270.7
I,N,48377.73
I,N,48367.77
I,N,48379.64
I,N,48320.83
I,N,48339.6
I,N,48265.78
I,N,48289.01
I,N,48219.88
I,N,48156.64
I,N,48018.47
I,N,48133.77
I,N,48053.12
I,N,48075.11
I,N,48004.27
I,N,47966.96
I,N,47966.96
I,N,47825.9
I,N,47748.18
I,N,47717.71
I,N,47966.96
I,N,47483.76
I,N,47731.89
I,N,47888.71
I,N,47914.48
I,N,47620.13
I,N,47960.76
I,N,47816.11
I,N,48060.71
I,N,47977.67
I,N,48137.09
I,N,48067.11
I,N,48129.66
I,N,48215.75
I,N,48338.42
I,N,48351.2
I,N,48399.18
I,N,48481.73
I,N,48553.45
I,N,48620.91
I,N,48492.9
I,N,48566.36
I,N,48675.68
I,N,48730.86
I,N,48620.17
I,N,48580.15
I,N,48587.57
I,N,48528.71
I,N,48536.83
I,N,48571.65
I,N,48548.93
I,N,48513.68
I,N,48326.86
I,N,48312.38
I,N,48357.62
I,N,48118.65
I,N,48029.48
I,N,47870.53
I,N,47851.86
I,N,48034.81
I,N,47991.44
I,N,48185.26
I,N,48375.83
I,N,48394.72
I,N,48303.39
I,N,48297.16
I,N,48298.9
I,N,48309.64
I,N,48275.22
I,N,48240.55
I,N,47971.51
I,N,47937.79
I,N,47852.28
I,N,47951.14
I,N,48010.13
I,N,48065.81
I,N,48009.48
I,N,47835.06
I,N,47746.44
I,N,47940.19
I,N,47740.41
I,N,47718.07
I,N,47763.47
I,N,47794.42
I,N,47881.87
I,N,47888.78
I,N,48096.21
I,N,48176.95
I,N,48207.69
I,N,48136.47
I,N,48234.74
I,N,48170.72
I,N,48373.02
I,N,48334.16
I,N,48378.3
I,N,48298
I,N,48304.59
I,N,48278.14
I,N,48255.41
I,N,48255.88
I,N,48314.41
I,N,48317.77
I,N,48294.33
I,N,48157.58
I,N,48064.69
I,N,47903.32
I,N,47893.93
I,N,48003.18
I,N,47867.58
I,N,47747.47
I,N,47751.85
I,N,47678.34
I,N,47541.39
I,N,47360.89
I,N,47450.25
I,N,47547.02
I,N,47308.04
I,N,47320.56
I,N,47225.13
I,N,47203.06
I,N,47010.71
I,N,47073.94
I,N,47227.56
I,N,47374.65
I,N,47147.14
I,N,47304.31
I,N,47123.81
I,N,47026.14
I,N,46800.42
I,N,47131.14
I,N,47016.64
I,N,46809.97
I,N,46814.01
I,N,46686.8
I,N,46959.31
I,N,46910.57
I,N,46859.05
I,N,46778.21
I,N,47051.18
I,N,47253.47
I,N,47082.04
I,N,47215.19
I,N,47305.94
I,N,47401.93
I,N,47429.7
I,N,47572.01
I,N,47373.27
I,N,47131.7
I,N,47185.25
I,N,47168.18
I,N,46841.6
I,N,46877.27
I,N,46933.47
I,N,47132.12
I,N,47031.51
I,N,46939.14
I,N,46869.45
I,N,46913.06
I,N,46787.51
I,N,46790.15
I,N,46610.33
I,N,46374.06
I,N,46481.74
I,N,46360.42
I,N,46415.89
I,N,46182.05
I,N,46156.77
I,N,46112.53
I,N,46136.91
I,N,46266.9
I,N,46473.46
I,N,46473.46
I,N,46332.13
I,N,46171.74
I,N,46423.36
I,N,46104.44
I,N,46104.44
I,N,46071.23
I,N,46322.21
I,N,46493.11
I,N,46468.13
I,N,46522.43
I,N,46522.43
I,N,46266.96
I,N,46429.83
I,N,46442.23
I,N,46318.23
I,N,46441.51
I,N,46713.67
I,N,46680.08
I,N,46618.06
I,N,46763.67
I,N,47048.47
I,N,47032.69
I,N,47036.83
I,N,46979.63
I,N,46956.58
I,N,46760.82
I,N,46654.73
I,N,46700.25
I,N,46929.66
I,N,46934.87
I,N,46923.55
I,N,46900.58
I,N,46855.84
I,N,47076.28
I,N,46954.33
I,N,47010.12
I,N,47009.25
I,N,47118.59
I,N,47126.63
I,N,47309.14
I,N,47389.06
I,N,47363.2
I,N,47288.4
I,N,47454.22
I,N,47303.89
I,N,47246.12
I,N,47275.44
I,N,47209.35
I,N,47317.13
I,N,47329.6
I,N,47295.51
I,N,47075.4
I,N,47041.65
I,N,46821.42
I,N,46823.96
I,N,46884.41
I,N,46903.63
I,N,46937.81
I,N,46937.58
I,N,47110.24
I,N,47177.18
I,N,47130.47
I,N,46851.18
I,N,46704.38
I,N,46820.27
I,N,46764.02
I,N,46741.6
I,N,46524.42
I,N,46427.77
I,N,46431.47
I,N,46515.51
I,N,46397.74
I,N,46443.86
I,N,46449.55
I,N,46472.82
I,N,46369.01
I,N,46470.19
I,N,46257.89
I,N,46257.52
I,N,46249.92
I,N,46272.19
I,N,46442.37
I,N,46789.36
I,N,46801.69
I,N,46870.53
I,N,46781.26
I,N,46714.03
I,N,46680.74
I,N,46702.26
I,N,46732.4
I,N,46723.96
I,N,46807.71
I,N,47038.53
I,N,47100.2
I,N,47083.94
I,N,46996.32
I,N,47059.21
I,N,46922.11
I,N,46949.36
I,N,46914.31
I,N,46961.55
I,N,47107.2
I,N,47129.59
I,N,47242.53
I,N,47300.42
I,N,47279.42
I,N,47285.84
I,N,47157.44
I,N,47108.42
I,N,47124.88
I,N,47063.69
I,N,47051.36
I,N,46858.37
I,N,46941.38
I,N,46865.04
I,N,46928.65
I,N,46902.95
I,N,47062.6
I,N,47230.6
I,N,47531.85
I,N,47562.88
I,N,47656.73
I,N,47691.76
I,N,47672.62
I,N,47691.83
I,N,47583.46
I,N,47569.13
I,N,47543.21
I,N,47500.67
I,N,47472.85
I,N,47502.72
I,N,47509.22
I,N,47424.16
I,N,47392.31
I,N,47414.2
I,N,47445.88
I,N,47388.52
I,N,47467.98
I,N,47564.83
I,N,47484.68
I,N,47383.04
I,N,47238.56
I,N,47074.75
I,N,47092.51
I,N,47099.4
I,N,47058.67
I,N,47103.69
I,N,47210.92
I,N,47104.37
I,N,47124.8
I,N,47015.26
I,N,46852.88
I,N,46987.56
I,N,46948.35
I,N,47025.03
I,N,46938.18
I,N,46932.82
I,N,46983.65
I,N,47060.99
I,N,47057.85
I,N,47030.97
I,N,47119.39
I,N,47139.79
I,N,47109.05
I,N,47183.97
I,N,47295.64
I,N,47333.11
I,N,47415.77
I,N,47492.39
I,N,47485.89
I,N,47460.36
I,N,47326.93
I,N,47203.59
I,N,47125.71
I,N,47216.49
I,N,47093.21
I,N,47063.92
I,N,47126.07
I,N,47307.8
I,N,47364
I,N,47385.42
I,N,47186.89
I,N,47321.32
I,N,47441.5
I,N,47433.98
I,N,47432.21
I,N,47400.61
I,N,47402.73
I,N,47358.7
I,N,47442.46
I,N,47475.32
I,N,47450.74
I,N,47413.4
I,N,47389.61
I,N,47414.01
I,N,47458.67
I,N,47356.02
I,N,47434.98
I,N,47509.98
I,N,47590.04
I,N,47579
I,N,47626.26
I,N,47734.82
I,N,47705.4
I,N,47709.31
I,N,47687.53
I,N,47640.06
I,N,47655.34
I,N,47655.34
I,N,47515.87
I,N,47515.87
I,N,47343.56
I,N,47306.79
I,N,47306.79
I,N,47383.19
I,N,47368.19
I,N,47372.15
I,N,47372.15
I,N,47369.86
I,N,47518.12
I,N,47602.71
I,N,47602.71
I,N,47670.45
I,N,47660.26
I,N,47601.25
I,N,47558.76
I,N,47425.37
I,N,47344.48
I,N,47315.13
I,N,47285.28
I,N,47321.11
I,N,47266.79
I,N,47252.5
I,N,47303.73
I,N,47304.84
I,N,47270.51
I,N,47224.04
I,N,47150.25
I,N,47194.1
I,N,47118.35
I,N,47090.4
I,N,47096.97
I,N,47062.9
I,N,47118.18
I,N,47039.76
I,N,47095.75
I,N,47024.8
I,N,46992.65
I,N,46897.04
I,N,46994.84
I,N,46964.44
I,N,46899.23
I,N,47000.31
I,N,46863.98
I,N,46979.26
I,N,46995.19
I,N,47160.09
I,N,47158.04
I,N,47027.39
I,N,46932.29
I,N,46911.71
I,N,46805.89
I,N,46647.09
I,N,46626.49
I,N,46697.78
I,N,46786.77
I,N,46672.6
I,N,46663.89
I,N,46703.78
I,N,46598.08
I,N,46695.02
I,N,46602.96
I,N,46615.25
I,N,46705.95
I,N,46674.63
I,N,46485.85
I,N,46659.69
I,N,46684.35
I,N,46747.33
I,N,46749.47
I,N,46780.56
I,N,46861.1
I,N,46842.94
I,N,46867.01
I,N,46751.77
I,N,46667.91
I,N,46766.22
I,N,46741.28
I,N,46664.8
I,N,46614.11
I,N,46533.63
I,N,46395.91
I,N,46349.44
I,N,46426.6
I,N,46399.23
I,N,46334.24
I,N,46245.07
I,N,46233.48
I,N,46229.32
I,N,46268.24
I,N,46264.14
I,N,46077.61
I,N,46160.99
I,N,46241.96
I,N,46253.86
I,N,46104.88
I,N,46008.19
I,N,45731.88
I,N,45844.81
I,N,45794.28
I,N,45757.5
I,N,45897.3
I,N,45744.87
I,N,45623.31
I,N,45694.01
I,N,45617.41
I,N,45739.51
I,N,45722.98
I,N,45817.37
I,N,45812.12
I,N,45869.58
I,N,46015.08
I,N,46110.95
I,N,46107.15
I,N,46084.76
I,N,46166.29
I,N,46226.12
I,N,46244.62
I,N,46156.23
I,N,46093.58
I,N,46112.81
I,N,46127.67
I,N,46241.04
I,N,46339.54
I,N,46339.63
I,N,46363.25
I,N,46393.48
I,N,46291.5
I,N,46322.05
I,N,46272.15
I,N,46256.48
I,N,46103.61
I,N,45992.55
I,N,45910.42
I,N,45924.89
I,N,45895.65
I,N,45946.84
I,N,45951.04
I,N,46106.55
I,N,46053.47
I,N,45996.93
I,N,45929.04
I,N,46063.41
I,N,46149.67
I,N,46093.29
I,N,46118.09
I,N,46238.41
I,N,46123.32
I,N,46110.78
I,N,46104.65
I,N,46064.28
I,N,45965.1
I,N,46044.94
I,N,46110.67
I,N,46079.67
I,N,46214.28
I,N,46387.53
I,N,46413.3
I,N,46359.38
I,N,46306.1
I,N,46210.45
I,N,46177.06
I,N,46201.95
I,N,46123.36
I,N,46155.45
I,N,46064.65
I,N,46092.8
I,N,46223.42
I,N,46155.16
I,N,46185.89
I,N,46310.26
I,N,46314.44
I,N,46310.74
I,N,46348.76
I,N,46366.14
I,N,46380.4
I,N,46331.58
I,N,46226.51
I,N,46180.41
I,N,46206.11
I,N,46128.23
I,N,45931.86
I,N,45815.45
I,N,45789.21
I,N,45535.03
I,N,45544.59
I,N,45461.2
I,N,45288.02
I,N,45242.63
I,N,45286.58
I,N,45219.17
I,N,45165.48
I,N,45054.49
I,N,45319.04
I,N,45361.55
I,N,45289.86
I,N,45484.33
I,N,45537.36
I,N,45526.24
I,N,45496.81
I,N,45177.69
I,N,44605.35
I,N,44667.54
I,N,44699.06
I,N,44812.59
I,N,44620.95
I,N,44617.94
I,N,44503.67
I,N,44346.67
I,N,44671.09
I,N,44480.16
I,N,44332.05
I,N,44288.75
I,N,44626.04
I,N,44577.53
I,N,44481
I,N,44749.62
I,N,44517.68
I,N,44555.3
I,N,44629.86
I,N,44522.04
I,N,44472.11
I,N,44627.27
I,N,44718.34
I,N,44679.36
I,N,44750.37
I,N,45099.22
I,N,45011.71
I,N,45119.6
I,N,45169.48
I,N,45237.76
I,N,45210.43
I,N,45158.63
I,N,45306.41
I,N,45398.58
I,N,45412.78
I,N,45382.9
I,N,45346.72
I,N,45343.76
I,N,45372.75
I,N,45427.4
I,N,45567.42
I,N,45424.08
I,N,45333.25
I,N,45269.6
I,N,45286.25
I,N,45147.94
I,N,45250.88
I,N,45270.97
I,N,45310
I,N,45483.7
I,N,45689.77
I,N,45682.97
I,N,45669.27
I,N,45669.27
I,N,45770.8
I,N,45770.8
I,N,45814.87
I,N,45850.02
I,N,45915.12
I,N,45759.18
I,N,45892.19
I,N,45809.67
I,N,45764.31
I,N,45741.28
I,N,45629.21
I,N,45585.29
I,N,45559.82
I,N,45701.09
I,N,45726.45
I,N,45815.38
I,N,45830.33
I,N,45874.16
I,N,45806.59
I,N,45721.64
I,N,45612.64
I,N,45772.67
I,N,45599.29
I,N,45606.57
I,N,45718.09
I,N,45679.12
I,N,45693.59
I,N,45733.67
I,N,45712.55
I,N,45711.51
I,N,45793.77
I,N,45606.88
I,N,45458.34
I,N,45444.84
I,N,45487.65
I,N,45599.56
I,N,45784.24
I,N,46138.78
I,N,46232.84
I,N,46184.26
I,N,46572.71
I,N,46490.09
I,N,46345.86
I,N,46448.26
I,N,46372.14
I,N,46220.51
I,N,46341.51
I,N,46290.41
I,N,46257.1
I,N,46161.08
I,N,46216.19
I,N,46123.01
I,N,46171.81
I,N,46144.74
I,N,46185.03
I,N,46141.4
I,N,46085.01
I,N,46085.01
I,N,46059.91
I,N,45981.25
I,N,45987.03
I,N,45844.78
I,N,45891.05
I,N,45944.92
I,N,45969.51
I,N,46110.07
I,N,46036.39
I,N,45986.68
I,N,46035.49
I,N,46112.65
I,N,46037.18
I,N,46003.54
I,N,46020.01
I,N,46010.02
I,N,46000.49
I,N,46045.99
I,N,46207.41
I,N,46352.59
I,N,46278.49
I,N,46444.54
I,N,46446.34
I,N,46407.27
I,N,46407.01
I,N,46491.73
I,N,46565.98
I,N,46546.13
I,N,46484.53
I,N,46536.1
I,N,46423.67
I,N,46475.21
I,N,46499.54
I,N,46364.03
I,N,46461.01
I,N,46381.48
I,N,46331.73
I,N,46246.46
I,N,46272.86
I,N,46327.57
I,N,46363.85
I,N,46427.14
I,N,46553.17
I,N,46522.53
I,N,46524.11
I,N,46479.93
I,N,46451.21
I,N,46401.66
I,N,46255.88
I,N,46290.57
I,N,46254.07
I,N,46308.12
I,N,46366.33
I,N,46467
I,N,46551.35
I,N,46677.74
I,N,46718.92
I,N,46699.78
I,N,46712.41
I,N,46747.13
I,N,46770.41
I,N,46686.22
I,N,46582.09
I,N,46639.66
I,N,46747.5
I,N,46783.7
I,N,46676.52
I,N,46746.28
I,N,46725.32
I,N,46766.73
I,N,46666.36
I,N,46624.67
I,N,46567.09
I,N,46649.7
I,N,46667.37
I,N,46594.93
I,N,46563.08
I,N,46665.27
I,N,46591.25
I,N,46486.13
I,N,46466.08
I,N,46466.08
I,N,46395.65
I,N,46414.93
I,N,46482.8
I,N,46514.71
I,N,46474.15
I,N,46619.52
I,N,46589.04
I,N,46581.79
I,N,46645.59
I,N,46695.91
I,N,46660.84
I,N,46697.01
I,N,46666.32
I,N,46686.04
I,N,46775.36
I,N,46826.58
I,N,46766.44
I,N,46773.08
I,N,46680.75
I,N,46722.7
I,N,46584.12
I,N,46558
I,N,46521.09
I,N,46547.49
I,N,46446.02
I,N,46386.63
I,N,46398.31
I,N,46327.44
I,N,46369.66
I,N,46301.28
I,N,46293.66
I,N,46335.33
I,N,46233.64
I,N,46147.22
I,N,46171.84
I,N,46192.53
I,N,46091.33
I,N,46067.37
I,N,46073.6
I,N,46170.7
I,N,46261.6
I,N,46262.89
I,N,46276
I,N,46230.47
I,N,46131.92
I,N,46103.81
I,N,46107.98
I,N,46092.01
I,N,46096.55
I,N,46185.06
I,N,46022.74
I,N,45921.08
I,N,45896.39
I,N,45826.35
I,N,45799.72
I,N,45728.42
I,N,45834.19
I,N,45853.62
I,N,45873.02
I,N,45917.93
I,N,46136.7
I,N,46208.98
I,N,46210.68
I,N,46216.74
I,N,46265.97
I,N,46433.06
I,N,46301.51
I,N,46391.56
I,N,46387.95
I,N,46400.07
I,N,46544.9
I,N,46568.54
I,N,46651.3
I,N,46675.95
I,N,46642.74
I,N,46638.51
I,N,46669.72
I,N,46568.27
I,N,46519.74
I,N,46377.32
I,N,46416.9
I,N,46479.96
I,N,46396.46
I,N,46464.84
I,N,46434.08
I,N,46595.73
I,N,46647.3
I,N,46715.82
I,N,46714.23
I,N,46708.16
I,N,46837.44
I,N,46925.82
I,N,47065.02
I,N,46958.1
I,N,47012.51
I,N,46980.53
I,N,47046.11
I,N,46982.77
I,N,47044.09
I,N,47065.28
I,N,47094.76
I,N,47177.41
I,N,47146.14
I,N,47023.57
I,N,47039.36
I,N,46936.75
I,N,46928.48
I,N,46928.48
I,N,46891.27
I,N,46957.52
I,N,46905.87
I,N,46926.25
I,N,47043.61
I,N,47023.68
I,N,46982.75
I,N,46982.32
I,N,47018.37
I,N,47018.37
I,N,46967.28
I,N,46875.19
I,N,46813.34
I,N,46819.06
I,N,46809.45
I,N,46809.45
I,N,46774.09
I,N,46767.71
I,N,46781.52
I,N,46831.12
I,N,46811.24
I,N,46945.35
I,N,46913.15
I,N,46682.9
I,N,46702.48
I,N,46729.11
I,N,46636.92
I,N,46567.91
I,N,46535.81
I,N,46437.8
I,N,46471.33
I,N,46365.18
I,N,46381.89
I,N,46445.67
I,N,46497.28
I,N,46494.84
I,N,46659.64
I,N,46567.99
I,N,46594.14
I,N,46613.54
I,N,46603.05
I,N,46509.94
I,N,46407.61
I,N,46430.05
I,N,46429.94
I,N,46384.21
I,N,46230.94
I,N,46251.83
I,N,46237.91
I,N,46239.47
I,N,46166.27
I,N,46207.16
I,N,46281.31
I,N,46314.04
I,N,46378.73
I,N,46353.11
I,N,46420.78
I,N,46424.9
I,N,46408.66
I,N,46397.18
I,N,46383.14
I,N,46257.98
I,N,46190.62
I,N,46236.93
I,N,46224.13
I,N,46211.59
I,N,46212.31
I,N,46213.57
I,N,46250.28
I,N,46369.52
I,N,46457.16
I,N,46411.25
I,N,46498.53
I,N,46518
I,N,46523.53
I,N,46470.4
I,N,46415.7
I,N,46355.15
I,N,46279.49
I,N,46092.09
I,N,45951.54
I,N,45929.51
I,N,46017.33
I,N,46140.23
I,N,46257.29
I,N,46273.85
I,N,46359.74
I,N,46340.82
I,N,46275.28
I,N,46193.36
I,N,46265.67
I,N,46138.68
I,N,46062.11
I,N,45951.67
I,N,46063.98
I,N,46065.36
I,N,45981.31
I,N,46193.36
I,N,46211.07
I,N,46272.68
I,N,46317.12
I,N,46371.4
I,N,46421.53
I,N,46533.1
I,N,46674.12
I,N,46630.22
I,N,46700.07
I,N,46712.06
I,N,46716.79
I,N,46764.23
I,N,46773.33
I,N,46875.73
I,N,46922.17
I,N,47034
I,N,47237.83
I,N,47104.11
I,N,47083.23
I,N,47054.39
I,N,47083.04
I,N,47086.01
I,N,47246.11
I,N,47268.75
I,N,47164.88
I,N,47197.26
I,N,47264.9
I,N,47374.32
I,N,47234.61
I,N,47245.11
I,N,47227.25
I,N,47210.11
I,N,47183.18
I,N,47209
I,N,47148.5
I,N,47158.42
I,N,47153.63
I,N,47158.86
I,N,47139.53
I,N,47055.02
I,N,47061.56
I,N,46934.43
I,N,46999.75
I,N,46891.04
I,N,46734.55
I,N,46671.05
I,N,46631.61
I,N,46653.29
I,N,46705.9
I,N,46607.57
I,N,46657.88
I,N,46725.28
I,N,46680.85
I,N,46504.51
I,N,46490.28
I,N,46528.38
I,N,46526.59
I,N,46537.37
I,N,46651.33
I,N,46569.5
I,N,46690.75
I,N,46731.05
I,N,46696.24
I,N,46652.99
I,N,46628.08
I,N,46726.69
I,N,46656.26
I,N,46570.9
I,N,46525.1
I,N,46575.88
I,N,46496.54
I,N,46433
I,N,46416.99
I,N,46393.75
I,N,46478.37
I,N,46617.32
I,N,46718.41
I,N,46869.58
I,N,47085.08
I,N,46957.52
I,N,47027.57
I,N,47182.69
I,N,47361.39
I,N,47359.03
I,N,47361.98
I,N,47520.51
I,N,47515.31
I,N,47501.36
I,N,47579.83
I,N,47691.79
I,N,47810.26
I,N,47671.73
I,N,47667.76
I,N,47710.38
I,N,47664.99
I,N,47809.71
I,N,47790.84
I,N,47755.26
I,N,47714.26
I,N,47666.29
I,N,47644.19
I,N,47645.35
I,N,47651.17
I,N,47721.58
I,N,47648.23
I,N,47563.74
I,N,47662.13
I,N,47637.78
I,N,47658.89
I,N,47818.88
I,N,47910.3
I,N,47992.99
I,N,47916.7
I,N,47918.68
I,N,47878.66
I,N,47913.97
I,N,47827.32
I,N,47839.18
I,N,47916.75
I,N,47738.5
I,N,47748
I,N,47793.69
I,N,47818.83
I,N,47810.86
I,N,47916.4
I,N,47843.78
I,N,47913.92
I,N,48076.41
I,N,48156.49
I,N,48115.86
I,N,48019.68
I,N,48019.68
I,N,48022.08
I,N,47961.44
I,N,47965.23
I,N,47965.23
I,N,47875.89
I,N,47915.28
I,N,47915.28
I,N,47992.93
I,N,47928.25
I,N,47964.16
I,N,47964.16
I,N,47959.65
I,N,47971.56
I,N,47900.95
I,N,47819.89
I,N,47819.89
I,N,47698.47
I,N,47689.69
I,N,47719.65
I,N,47897.75
I,N,47973.52
I,N,47968.69
I,N,47924.97
I,N,47978.46
I,N,47976.23
I,N,47899.28
I,N,47928.98
I,N,47988.1
I,N,48137.88
I,N,48120.22
I,N,48301.43
I,N,48324.33
I,N,48380.19
I,N,48415.29
I,N,48402.99
I,N,48315.72
I,N,48379.16
I,N,48309.54
I,N,48312.65
I,N,48277.91
I,N,48240.85
I,N,48253.03
I,N,48164.92
I,N,48167.62
I,N,48116.75
I,N,48049.66
I,N,48009.03
I,N,48005.87
I,N,47967.34
I,N,47972
I,N,48007.67
I,N,47970.47
I,N,47921.22
I,N,47966.87
I,N,47946.8
I,N,47991.24
I,N,47932.61
I,N,47834.23
I,N,47870.2
I,N,47871.67
I,N,47934.36
I,N,47966.08
I,N,48020.71
I,N,48050.39
I,N,47950.76
I,N,47978.75
I,N,47968.59
I,N,47870.03
I,N,47897.68
I,N,47840.46
I,N,47753.43
I,N,47701.56
I,N,47678.5
I,N,47725.9
I,N,47791.96
I,N,47721.95
I,N,47639.77
I,N,47619.67
I,N,47607.88
I,N,47642.31
I,N,47685.4
I,N,47663.75
I,N,47693.38
I,N,47735.29
I,N,47721.26
I,N,47721.04
I,N,47705.97
I,N,47664.3
I,N,47690.03
I,N,47698.47
I,N,47770.79
I,N,47786.71
I,N,47755
I,N,47799.18
I,N,47777.96
I,N,47754.36
I,N,47796.23
I,N,47809.7
I,N,47794.39
I,N,47854.07
I,N,47780.83
I,N,47784.57
I,N,47786.69
I,N,47794.07
I,N,47784.57
I,N,47820.44
I,N,47799.52
I,N,47699.56
I,N,47612.07
I,N,47478.94
I,N,47545.84
I,N,47589.97
I,N,47574.7
I,N,47583.22
I,N,47565.76
I,N,47545.86
I,N,47496.34
I,N,47465.36
I,N,47476.1
I,N,47426.05
I,N,47463.56
I,N,47500.54
I,N,47487.19
I,N,47471.27
I,N,47448.32
I,N,47395.42
I,N,47458.98
I,N,47528.64
I,N,47479.46
I,N,47524.81
I,N,47679.49
I,N,47755.02
I,N,47697.23
I,N,47650.02
I,N,47696.25
I,N,47661.47
I,N,47606.95
I,N,47513.48
I,N,47494.81
I,N,47615.12
I,N,47591.17
I,N,47493.7
I,N,47481.76
I,N,47478.18
I,N,47551.64
I,N,47554.72
I,N,47613.61
I,N,47427.26
I,N,47349.02
I,N,47387.27
I,N,47430.07
I,N,47388.47
I,N,47371.92
I,N,47328.61
I,N,47297.66
I,N,47213.03
I,N,47274.82
I,N,47187.97
I,N,47171.83
I,N,47176.04
I,N,47027.52
I,N,47067.1
I,N,47092.84
I,N,47139.24
I,N,47171.48
I,N,47238.49
I,N,47223.87
I,N,47165.02
I,N,47227.19
I,N,47177.06
I,N,47154.49
I,N,47220.11
I,N,47271.62
I,N,47277.96
I,N,47186.86
I,N,47227.47
I,N,47297.82
I,N,47163.19
I,N,47234.45
I,N,47157.23
I,N,47197.6
I,N,47206.52
I,N,47207.05
I,N,47052.08
I,N,47042.68
I,N,46970.46
I,N,46957.53
I,N,46870.73
I,N,46875.39
I,N,46799.22
I,N,46702.77
I,N,46658.78
I,N,46731.16
I,N,46667.16
I,N,46677.66
I,N,46677.61
I,N,46764.57
I,N,46857.08
I,N,46958.59
I,N,46991.49
I,N,46866.46
I,N,46912.26
I,N,46865.36
I,N,46894.34
I,N,46950.74
I,N,46899.63
I,N,46825.13
I,N,46897.58
I,N,46818.77
I,N,46880.9
I,N,47014.06
I,N,46977.44
I,N,47040.58
I,N,46989.8
I,N,46935.43
I,N,46999.57
I,N,46891.06
I,N,46863.81
I,N,47007.37
I,N,46960.63
I,N,46891.54
I,N,46902.84
I,N,46846.12
I,N,46831.58
I,N,46791.31
I,N,46833.38
I,N,46751.71
I,N,46691.9
I,N,46737.38
I,N,46550.11
I,N,46512.77
I,N,46482.78
I,N,46487.78
I,N,46367.88
I,N,46236.6
I,N,46396.2
I,N,46352.46
I,N,46258.36
I,N,46158.61
I,N,46289.91
I,N,46210.35
I,N,46135.05
I,N,46097.51
I,N,46115.77
I,N,46214.87
I,N,46349.73
I,N,46327.32
I,N,46356.4
I,N,46368.14
I,N,46414.51
I,N,46480.15
I,N,46481.03
I,N,46593.92
I,N,46558.94
I,N,46638.91
I,N,46713.59
I,N,46704.18
I,N,46709.56
I,N,46735.83
I,N,46759.67
I,N,46760.49
I,N,46770.92
I,N,46759.34
I,N,46716.08
I,N,46640.11
I,N,46623.04
I,N,46527.61
I,N,46426.01
I,N,46294.26
I,N,46310.22
I,N,46401.31
I,N,46485.11
I,N,46487.46
I,N,46580.99
I,N,46624.42
I,N,46558.63
I,N,46390.42
I,N,46278.26
I,N,46150.3
I,N,46360.29
I,N,46265.45
I,N,46323.24
I,N,46288.5
I,N,46316.22
I,N,46505.61
I,N,46594.74
I,N,46514.16
I,N,46447.03
I,N,46357.83
I,N,46548.68
I,N,46461.17
I,N,46507.46
I,N,46714.68
I,N,46611.12
I,N,46655.66
I,N,46725.47
I,N,46760.4
I,N,46784.85
I,N,46779.53
I,N,46639.46
I,N,46526.4
I,N,46541.21
I,N,46573.52
I,N,46617.61
I,N,46759.75
I,N,46718.75
I,N,46660.89
I,N,46656.47
I,N,46576.69
I,N,46407.04
I,N,46337.92
I,N,46488.55
I,N,46365.39
I,N,46483.4
I,N,46330.23
I,N,46152.31
I,N,45995.05
I,N,46154.78
I,N,46214.11
I,N,46069.68
I,N,46098.51
I,N,46121.22
I,N,46018.58
I,N,46014.87
I,N,45926.82
I,N,45715.89
I,N,45677.67
I,N,45619.26
I,N,45706.21
I,N,45647.58
I,N,45455.97
I,N,45576.15
I,N,45576.15
I,N,45591.51
I,N,45593.81
I,N,45574.27
I,N,45472.09
I,N,45378.37
I,N,45166.03
I,N,45208.11
I,N,45182.53
I,N,45238.01
I,N,45160.61
I,N,45307.38
I,N,45453.31
I,N,45605.94
I,N,45495.02
I,N,45696.13
I,N,45862.01
I,N,45784.58
I,N,45762.95
I,N,45762.1
I,N,45735.48
I,N,45789.24
I,N,45810.76
I,N,45652.96
I,N,45551.36
I,N,45713.46
I,N,45757.76
I,N,45803.05
I,N,45906.23
I,N,45690.36
I,N,45677.62
I,N,45657.03
I,N,45602.93
I,N,45711.67
I,N,45763.91
I,N,45842.43
I,N,45808.6
I,N,45849.37
I,N,45824.68
I,N,45726.62
I,N,45870.82
I,N,45952.44
I,N,45902.29
I,N,45840.15
I,N,45760.42
I,N,45754.61
I,N,45653.71
I,N,45602.4
I,N,45703.18
I,N,45680.52
I,N,45654.53
I,N,45576.64
I,N,45567.24
I,N,45564.5
I,N,45565.16
I,N,45512.49
I,N,45492.51
I,N,45448.48
I,N,45480.53
I,N,45624
I,N,45592.58
I,N,45743.43
I,N,45810.51
I,N,45822.18
I,N,45886.26
I,N,45989.07
I,N,46054.62
I,N,46049.89
I,N,46094.37
I,N,46093.49
I,N,46050.3
I,N,46124.08
I,N,46090.84
I,N,46092.34
I,N,46073.9
I,N,46065.03
I,N,45965.65
I,N,45945.83
I,N,45822.48
I,N,45895.62
I,N,45952.82
I,N,46306.77
I,N,46236.78
I,N,46168.34
I,N,46280.29
I,N,46282.47
I,N,46193.94
I,N,46251.97
I,N,46371.52
I,N,46347.12
I,N,46232.66
I,N,46263.79
I,N,46347.29
I,N,46343.07
I,N,46300.69
I,N,46259.15
I,N,46227.29
I,N,46282.92
I,N,46267.52
I,N,46275.44
I,N,46278.95
I,N,46283.43
I,N,46283.4
I,N,46264.28
I,N,46229.58
I,N,46198.15
I,N,46247
I,N,46217.73
I,N,46218.49
I,N,46200.85
I,N,46257.12
I,N,46405.7
I,N,46377.82
I,N,46321.22
I,N,46340.31
I,N,46379.14
I,N,46345.15
I,N,46305.12
I,N,46266.26
I,N,46348.55
I,N,46493.27
I,N,46599.34
I,N,46621.29
I,N,46707.28
I,N,46748.87
I,N,46802.62
I,N,46856.35
I,N,46785.56
I,N,46774.4
I,N,46750.91
I,N,46709.63
I,N,46636.75
I,N,46555.33
I,N,46577.23
I,N,46536.39
I,N,46598.82
I,N,46598.3
I,N,46603.99
I,N,46564.73
I,N,46695.32
I,N,46718.49
I,N,46695.55
I,N,46745.3
I,N,46873.57
I,N,46784.73
I,N,46745.68
I,N,46756.51
I,N,46779.52
I,N,46761.8
I,N,46804.62
I,N,46867.2
I,N,47037.68
I,N,47101.95
I,N,47071.98
I,N,47162.54
I,N,47161.01
I,N,47214.68
I,N,47252.15
I,N,47257.71
I,N,47180.82
I,N,47171.2
I,N,47176.75
I,N,47162.95
I,N,47164.68
I,N,47171.38
I,N,47168.25
I,N,47232.67
I,N,47415.13
I,N,47380.89
I,N,47370.23
I,N,47425.13
I,N,47431.55
I,N,47476.46
I,N,47439.32
I,N,47427.02
I,N,47477.33
I,N,47562.64
I,N,47459.01
I,N,47435.95
I,N,47465.2
I,N,47499.91
I,N,47472.12
I,N,47458.4
I,N,47610.64
I,N,47709.41
I,N,47671.88
I,N,47640.22
I,N,47590.62
I,N,47623.37
I,N,47551.39
I,N,47510.01
I,N,47466.95
I,N,47461.17
I,N,47399.3
I,N,47391.8
I,N,47435.61
I,N,47478.92
I,N,47467.44
I,N,47434.31
I,N,47449.15
I,N,47459.66
I,N,47471.22
I,N,47519.28
I,N,47576.81
I,N,47500.33
I,N,47516.73
I,N,47510.46
I,N,47467.48
I,N,47522.25
I,N,47522.25
I,N,47451.2
I,N,47529.53
I,N,47628.32
I,N,47838.32
I,N,47838.97
I,N,47826
I,N,47771.36
I,N,47732.17
I,N,47732.17
I,N,47751.14
I,N,47749.77
I,N,47749.77
I,N,47764.39
I,N,47856.76
I,N,47774.14
I,N,47709.13
I,N,47751.14
I,N,47733.73
I,N,47730.77
I,N,47781.35
I,N,47752.73
I,N,47737.63
I,N,47747.08
I,N,47755.22
I,N,47727.91
I,N,47667.78
I,N,47649.46
I,N,47618.04
I,N,47566.25
I,N,47594.47
I,N,47629.85
I,N,47671.36
I,N,47716.4
I,N,47715.93
I,N,47746.57
I,N,47865.44
I,N,47731.64
I,N,47814.21
I,N,47751.81
I,N,47683.27
I,N,47716.39
I,N,47728.09
I,N,47722.96
I,N,47703.15
I,N,47723.48
I,N,47707.45
I,N,47624
I,N,47630.16
I,N,47635.69
I,N,47659.24
I,N,47608.37
I,N,47640.98
I,N,47659.72
I,N,47682.52
I,N,47672.29
I,N,47890.66
I,N,47870.51
I,N,47954.42
I,N,47991.3
I,N,47922.64
I,N,47906.58
I,N,47823.86
I,N,47770.77
I,N,47706.04
I,N,47689.81
I,N,47607.05
I,N,47633.42
I,N,47641.53
I,N,47650
I,N,47504.45
I,N,47543.77
I,N,47514.99
I,N,47550.08
I,N,47519.68
I,N,47479.45
I,N,47455.74
I,N,47443.61
I,N,47393.68
I,N,47281.06
I,N,47265.56
I,N,47245.49
I,N,47289.03
I,N,47316.41
I,N,47250.71
I,N,47315.59
I,N,47311.22
I,N,47298.39
I,N,47309.93
I,N,47279.03
I,N,47280.83
I,N,47303.24
I,N,47345.84
I,N,47386.63
I,N,47408.28
I,N,47431.13
I,N,47464.49
I,N,47402.99
I,N,47477.4
I,N,47583.97
I,N,47604.6
I,N,47662.97
I,N,47761.41
I,N,47817.37
I,N,47830.11
I,N,47782.16
I,N,47702.17
I,N,47635.17
I,N,47656.77
I,N,47586.4
I,N,47521.5
I,N,47445.35
I,N,47424.09
I,N,47398.95
I,N,47401.93
I,N,47436.84
I,N,47537.06
I,N,47612.84
I,N,47703.71
I,N,47717.83
I,N,47623.64
I,N,47554.67
I,N,47694.13
I,N,47608.37
I,N,47559.07
I,N,47601.7
I,N,47588.97
I,N,47586.83
I,N,47628.3
I,N,47564.39
I,N,47607.31
I,N,47584.3
I,N,47616.48
I,N,47656.59
I,N,47695.45
I,N,47655.63
I,N,47727.97
I,N,47753.17
I,N,47715.61
I,N,47765.15
I,N,47833.92
I,N,47889.96
I,N,47823.5
I,N,47791.11
I,N,47749.08
I,N,47517.84
I,N,47582.06
I,N,47662.92
I,N,47659.4
I,N,47606.65
I,N,47665.1
I,N,47620.56
I,N,47502.7
I,N,47533.37
I,N,47483.25
I,N,47454.16
I,N,47362.53
I,N,47307.73
I,N,47300.85
I,N,47327.41
I,N,47400.07
I,N,47337.84
I,N,47345.69
I,N,47360.03
I,N,47424.5
I,N,47395.4
I,N,47455.39
I,N,47499.21
I,N,47539.75
I,N,47571.25
I,N,47649.96
I,N,47687.55
I,N,47719.28
I,N,47703.77
I,N,47712.74
I,N,47684.5
I,N,47729.47
I,N,47735.04
I,N,47751.25
I,N,47682.96
I,N,47631.32
I,N,47534.43
I,N,47579.16
I,N,47687.79
I,N,47680.94
I,N,47609.93
I,N,47657.21
I,N,47707.43
I,N,47629.57
I,N,47706.22
I,N,47728.05
I,N,47707.97
I,N,47726.41
I,N,47734.79
I,N,47788.04
I,N,47761.55
I,N,47711.96
I,N,47768.2
I,N,47768.61
I,N,47783.1
I,N,47810.68
I,N,47873.53
I,N,47820.3
I,N,47771.41
I,N,47737.47
I,N,47713.39
I,N,47591.9
I,N,47572.53
I,N,47589.39
I,N,47716.14
I,N,47823.11
I,N,47902.51
I,N,47784.55
I,N,47824
I,N,47809.59
I,N,47870.27
I,N,47706.17
I,N,47694.42
I,N,47694.42
I,N,47670.69
I,N,47658.94
I,N,47673.27
I,N,47640.54
I,N,47640.54
I,N,47605.14
I,N,47534.31
I,N,47517.28
I,N,47505.54
I,N,47505.54
I,N,47546.48
I,N,47532.79
I,N,47541.81
I,N,47556.27
I,N,47562.28
I,N,47574.78
I,N,47515.36
I,N,47512.25
I,N,47524.73
I,N,47479.62
I,N,47533.26
I,N,47535.76
I,N,47494.35
I,N,47547.18
I,N,47565.52
I,N,47663.46
I,N,47656.54
I,N,47672.22
I,N,47695.18
I,N,47672.77
I,N,47705.97
I,N,47718.69
I,N,47622.33
I,N,47597.12
I,N,47573.68
I,N,47685.48
I,N,47683.03
I,N,47658.26
I,N,47723.64
I,N,47747.36
I,N,47759.08
I,N,47753.86
I,N,47720.01
I,N,47724.2
I,N,47754.87
I,N,47779.64
I,N,47859.37
I,N,47824.21
I,N,47808.9
I,N,47788.5
I,N,47866.44
I,N,47818.4
I,N,47797.76
I,N,47777.6
I,N,47786.43
I,N,47748.02
I,N,47719.22
I,N,47720.53
I,N,47726.87
I,N,47677.2
I,N,47663.26
I,N,47681
I,N,47659.77
I,N,47617.05
I,N,47622.36
I,N,47685.12
I,N,47665.72
I,N,47705
I,N,47663.34
I,N,47688.7
I,N,47708.22
I,N,47704.15
I,N,47627.16
I,N,47686.87
I,N,47719.13
I,N,47672.49
I,N,47751.89
I,N,47780.94
I,N,47733.27
I,N,47772.35
I,N,47782.36
I,N,47754.58
I,N,47770.87
I,N,47772.81
I,N,47806.37
I,N,47858.32
I,N,47977.94
I,N,48203.55
I,N,48229.17
I,N,48264.88
I,N,48246.98
I,N,48223.14
I,N,48248.51
I,N,48238.92
I,N,48152.38
I,N,48122.57
I,N,48184.84
I,N,48200.09
I,N,48135.18
I,N,48043.71
I,N,48059.08
I,N,47888.01
I,N,47787.32
I,N,47813.16
I,N,47787.78
I,N,47607.26
I,N,47461.1
I,N,47426.59
I,N,47324.51
I,N,47349.75
I,N,47052.19
I,N,47029.27
I,N,47093.04
I,N,47160.35
I,N,47069.16
I,N,47086.83
I,N,47086.44
I,N,47077.5
I,N,47035.95
I,N,47109.57
I,N,47150.48
I,N,47211.24
I,N,47211.18
I,N,47275.85
I,N,47269.03
I,N,47256.82
I,N,47305.24
I,N,47308.39
I,N,47315.73
I,N,47268.97
I,N,47325.68
I,N,47337.16
I,N,47397.52
I,N,47388.88
I,N,47234.9
I,N,47333.06
I,N,47290.49
I,N,47263.39
I,N,47259.28
I,N,47239.83
I,N,47138.93
I,N,47190.21
I,N,47168.49
I,N,47140.36
I,N,47167.01
I,N,47132.53
I,N,47194.61
I,N,47168.56
I,N,47127.04
I,N,47088.05
I,N,47056.08
I,N,47080.15
I,N,47063
I,N,47098.2
I,N,47184.58
I,N,47201.68
I,N,47141.3
I,N,47144.76
I,N,47178.13
I,N,47188.01
I,N,47195.99
I,N,47172.03
I,N,47203.27
I,N,47189.13
I,N,47211.55
I,N,47137.47
I,N,47173.73
I,N,47213.47
I,N,47211.9
I,N,47130.74
I,N,47201.62
I,N,47237.92
I,N,47252.02
I,N,47220.63
I,N,47224.95
I,N,47247.43
I,N,47218.48
I,N,47160.28
I,N,47140.8
I,N,47137.39
I,N,47154.71
I,N,47140.98
I,N,47184.39
I,N,47136.3
I,N,47049.17
I,N,47043.18
I,N,46855.67
I,N,46826.22
I,N,46707.08
I,N,46702.11
I,N,46758.12
I,N,46730.86
I,N,46627.37
I,N,46618.5
I,N,46622.86
I,N,46648.08
I,N,46430.48
I,N,46479.88
I,N,46543.65
I,N,46567.65
I,N,46623.79
I,N,46719.87
I,N,46633.68
I,N,46710.41
I,N,46705.44
I,N,46694.05
I,N,46706.38
I,N,46711.56
I,N,46677.32
I,N,46692.75
I,N,46707.66
I,N,46720.01
I,N,46709.24
I,N,46542.95
I,N,46614.86
I,N,46658.23
I,N,46641.8
I,N,46646.65
I,N,46628.76
I,N,46665.64
I,N,46599.3
I,N,46470.96
I,N,46474.88
I,N,46528.98
I,N,46570
I,N,46571.67
I,N,46526.2
I,N,46481.6
I,N,46534.68
I,N,46509.77
I,N,46414.69
I,N,46362.06
I,N,46461.86
I,N,46509.66
I,N,46448.87
I,N,46462.37
I,N,46431.02
I,N,46382.43
I,N,46381.34
I,N,46435.7
I,N,46464.96
I,N,46436.3
I,N,46556.18
I,N,46646.41
I,N,46656.83
I,N,46669.72
I,N,46793.52
I,N,46719.26
I,N,46740.73
I,N,46699.35
I,N,46661.55
I,N,46605
I,N,46605
I,N,46559.62
I,N,46605.63
I,N,46507.94
I,N,46507.94
I,N,46585.95
I,N,46511.45
I,N,46511.45
I,N,46542.41
I,N,46470.63
I,N,46491.19
I,N,46420.12
I,N,46375.28
I,N,46290.88
I,N,46256.82
I,N,46289.18
I,N,46392.56
I,N,46366.11
I,N,46366.11
I,N,46427.36
I,N,46487.96
I,N,46535.23
I,N,46458.87
I,N,46548.29
I,N,46473.83
I,N,46440.82
I,N,46590.87
I,N,46705.1
I,N,46732.48
I,N,46666.52
I,N,46736.07
I,N,46699.91
I,N,46650.06
I,N,46627.96
I,N,46794.61
I,N,46774.56
I,N,46947.08
I,N,46941.98
I,N,46950.96
I,N,46951.05
I,N,46930.68
I,N,46907.08
I,N,46927.82
I,N,46886.89
I,N,46844.46
I,N,46789.43
I,N,46771.01
I,N,46768.92
I,N,46747.35
I,N,46819.86
I,N,46868.35
I,N,46866.36
I,N,46847.65
I,N,46835.06
I,N,46838.11
I,N,46854.26
I,N,46845.97
I,N,46852.21
I,N,46880.26
I,N,46920.54
I,N,46874.22
I,N,46874.77
I,N,46869.81
I,N,46834.07
I,N,46812.91
I,N,46801.76
I,N,46776.69
I,N,46799.68
I,N,46760.61
I,N,46786.05
I,N,46783.67
I,N,46808.89
I,N,46794.73
I,N,46768.39
I,N,46804.18
I,N,46845.52
I,N,46872.59
I,N,46896
I,N,46877.51
I,N,46837.02
I,N,46884
I,N,46911.36
I,N,46917.82
I,N,46965.94
I,N,46984.6
I,N,47050.21
I,N,47036.5
I,N,46992.61
I,N,46922.63
I,N,46929.92
I,N,46876.3
I,N,46838.87
I,N,46834.09
I,N,46860.85
I,N,46885.95
I,N,46921.42
I,N,46859.47
I,N,46895.45
I,N,46904.79
I,N,46854.96
I,N,46838.43
I,N,46811.53
I,N,46865.37
I,N,46798.06
I,N,46757.42
I,N,46879.09
I,N,46835.56
I,N,46820.31
I,N,46835.24
I,N,46953.06
I,N,47022.47
I,N,46960.32
I,N,47031.95
I,N,47179.79
I,N,47240.54
I,N,47297.63
I,N,47315.15
I,N,47287.77
I,N,47304.37
I,N,47313.76
I,N,47296.41
I,N,47296.25
I,N,47294.55
I,N,47266.83
I,N,47457.29
I,N,47515.99
I,N,47519.77
I,N,47500.86
I,N,47488.28
I,N,47498.32
I,N,47504.54
I,N,47547.78
I,N,47574.2
I,N,47601.26
I,N,47551.63
I,N,47511.39
I,N,47500.59
I,N,47499.4
I,N,47483.32
I,N,47458.38
I,N,47409.9
I,N,47402.58
I,N,47393.36
I,N,47346.36
I,N,47345.43
I,N,47314.88
I,N,47286.29
I,N,47261.79
I,N,47289.18
I,N,47316
I,N,47310.68
I,N,47303.62
I,N,47319.9
I,N,47201.19
I,N,47192.49
I,N,47256.72
I,N,47250.16
I,N,47313.08
I,N,47407.65
I,N,47433.21
I,N,47403.57
I,N,47390.02
I,N,47398.58
I,N,47452.19
I,N,47420.56
I,N,47397.57
I,N,47428.78
I,N,47398.42
I,N,47381.95
I,N,47441.3
I,N,47377.72
I,N,47335.04
I,N,47279.62
I,N,47084.95
I,N,46997.47
I,N,46905.57
I,N,46826.9
I,N,46861.79
I,N,46926.44
I,N,46948.85
I,N,46952.06
I,N,47002.5
I,N,47012.29
I,N,46992.57
I,N,47034.93
I,N,47079.98
I,N,47166.45
I,N,47401.03
I,N,47800.29
I,N,47752.33
I,N,47670.39
I,N,47674.16
I,N,47676.61
I,N,47597.26
I,N,47534.92
I,N,47547.74
I,N,47593.98
I,N,47571.38
I,N,47476.24
I,N,47480.56
I,N,47450.27
I,N,47492.63
I,N,47438.68
I,N,47452.98
I,N,47401.22
I,N,47388.23
I,N,47412.9
I,N,47412.26
I,N,47373.13
I,N,47382.91
I,N,47377.15
I,N,47368.27
I,N,47396.2
I,N,47544.13
I,N,47381.5
I,N,47444.8
I,N,47407.67
I,N,47410.54
I,N,47402.07
I,N,47387.26
I,N,47352.84
I,N,47382.11
I,N,47385.43
I,N,47382.08
I,N,47379.76
I,N,47408.87
I,N,47427.15
I,N,47408.76
I,N,47546.95
I,N,47544.05
I,N,47568.96
I,N,47588.34
I,N,47591.94
I,N,47596.77
I,N,47567.51
I,N,47453.76
I,N,47301.51
I,N,47324.89
I,N,47155.13
I,N,47196.53
I,N,47323.66
I,N,47390.01
I,N,47506.55
I,N,47494.41
I,N,47379.98
I,N,47390.81
I,N,47358.39
I,N,47368.25
I,N,47435.03
I,N,47445.12
I,N,47446.06
I,N,47468.16
I,N,47485.68
I,N,47492.2
I,N,47454.28
I,N,47509.4
I,N,47509.4
I,N,47546.28
I,N,47587.61
I,N,47635.74
I,N,47635.74
I,N,47595.34
I,N,47609.49
I,N,47609.49
I,N,47578.84
I,N,47578.84
I,N,47513.63
I,N,47480.95
I,N,47522.73
I,N,47465.34
I,N,47513.17
I,N,47481.24
I,N,47520.1
I,N,47506.31
I,N,47551.9
I,N,47595.82
I,N,47576.14
I,N,47420.1
I,N,47419.15
I,N,47441.02
I,N,47440.48
I,N,47440.33
I,N,47505.47
I,N,47519.13
I,N,47474.2
I,N,47503.28
I,N,47481.23
I,N,47514.06
I,N,47473.64
I,N,47473.52
I,N,47498.82
I,N,47415.15
I,N,47276.31
I,N,47383.12
I,N,47371.4
I,N,47293.68
I,N,47320.44
I,N,47334.98
I,N,47304.96
I,N,47307.59
I,N,47292.84
I,N,47302.09
I,N,47175.63
I,N,47176.86
I,N,47194.5
I,N,47085.21
I,N,47036.11
I,N,46902.29
I,N,46969.35
I,N,46941.2
I,N,46885.82
I,N,46910.12
I,N,46984.63
I,N,46940.35
I,N,47015.19
I,N,47031.84
I,N,46914.47
I,N,47010.7
I,N,47021.85
I,N,47008.66
I,N,47020.05
I,N,47023.01
I,N,47019.1
I,N,47019.55
I,N,47024.12
I,N,47069.38
I,N,47048.53
I,N,47083.44
I,N,47076.72
I,N,47052.97
I,N,47071.4
I,N,47081.04
I,N,47037.43
I,N,47084.01
I,N,47131.82
I,N,47097.98
I,N,47147.69
I,N,47141.27
I,N,47133.63
I,N,47130.1
I,N,47133.64
I,N,47178.82
I,N,47188.9
I,N,47194.87
I,N,47177.82
I,N,47203.61
I,N,47233.58
I,N,47254.52
I,N,47367.33
I,N,47304.37
I,N,47325.06
I,N,47266.74
I,N,47193.18
I,N,47179.87
I,N,47175.19
I,N,47143.33
I,N,47187.49
I,N,47281.36
I,N,47218.21
I,N,47134.81
I,N,47170.26
I,N,47090.52
I,N,46680.65
I,N,46664.9
I,N,46755.68
I,N,46746.47
I,N,46622.72
I,N,46658.55
I,N,46600
I,N,46483.21
I,N,46459.27
I,N,46492.7
I,N,46511.41
I,N,46541.93
I,N,46564.55
I,N,46558.82
I,N,46562.42
I,N,46469.67
I,N,46606.7
I,N,46659.5
I,N,46703.17
I,N,46699.19
I,N,46683.04
I,N,46706.02
I,N,46653.35
I,N,46684.11
I,N,46691.95
I,N,46642.99
I,N,46687.13
I,N,46673.61
I,N,46679.95
I,N,46578.01
I,N,46495.35
I,N,46448.7
I,N,46533.7
I,N,46630.04
I,N,46644.93
I,N,46690.9
I,N,46683.55
I,N,46784.22
I,N,46768.75
I,N,46674.09
I,N,46672.59
I,N,46685.96
I,N,46663.08
I,N,46663.95
I,N,46679.86
I,N,46650.7
I,N,46696.69
I,N,46890.77
I,N,46849.22
I,N,46859.26
I,N,46838.67
I,N,46838.45
I,N,46832.11
I,N,46795.42
I,N,46840.12
I,N,46825.71
I,N,46807.58
I,N,46865.66
I,N,46887.77
I,N,46936.66
I,N,46924.31
I,N,46880.29
I,N,46811.64
I,N,46859.09
I,N,46824.84
I,N,46830.5
I,N,46827.88
I,N,46844.91
I,N,46843.66
I,N,46840.15
I,N,46870.07
I,N,46770.05
I,N,46798.34
I,N,46832.33
I,N,46859.67
I,N,46891.49
I,N,46842.27
I,N,46851.32
I,N,46876.72
I,N,46852.06
I,N,46896.26
I,N,46895.02
I,N,46869.06
I,N,46901.22
I,N,46912.69
I,N,46890.92
I,N,46877.73
I,N,46891.24
I,N,46912.34
I,N,46912.32
I,N,46897.6
I,N,46918.61
I,N,46896.25
I,N,46900.2
I,N,46873.43
I,N,46843.29
I,N,46808.66
I,N,46819.43
I,N,46805.48
I,N,46822.04
I,N,46871.35
I,N,46848.94
I,N,46866.79
I,N,46867.93
I,N,46882.17
I,N,46899.24
I,N,46901.44
I,N,46946.16
I,N,47034.55
I,N,47120.31
I,N,47158.84
I,N,47126.85
I,N,47083.38
I,N,47120.52
I,N,47173.88
I,N,47098.39
I,N,47073.85
I,N,47063.86
I,N,47051.73
I,N,47043.58
I,N,47051.17
I,N,47062.95
I,N,47034.94
I,N,47021.87
I,N,47031.4
I,N,47038.73
I,N,46988.02
I,N,46972.42
I,N,46972.42
I,N,46940.88
I,N,46963.09
I,N,46923.54
I,N,46923.54
I,N,46890.2
I,N,46933.08
I,N,46906.81
I,N,46926.56
I,N,46971.18
I,N,46958.23
I,N,46965.11
I,N,46930.76
I,N,47012.66
I,N,47029.48
I,N,47013.97
I,N,47013.97
I,N,47012.48
I,N,47058.87
I,N,47072
I,N,47074.41
I,N,47146.54
I,N,47156.56
I,N,47151.37
I,N,47153.33
I,N,47145.9
I,N,47153.55
I,N,47137.32
I,N,47097.3
I,N,47091.28
I,N,47046.13
I,N,46985.55
I,N,47001.92
I,N,47034.42
I,N,47020.31
I,N,47012.8
I,N,47018.88
I,N,47073.4
I,N,46977.78
I,N,47008.09
I,N,47014.19
I,N,46997.79
I,N,46984.65
I,N,47009.48
I,N,47032.35
I,N,47025.82
I,N,47032.92
I,N,47015.04
I,N,47029.08
I,N,47026.77
I,N,47062.48
I,N,47095.75
I,N,47223.28
I,N,47192.3
I,N,47204.02
I,N,47212.77
I,N,47244.03
I,N,47235.94
I,N,47224.74
I,N,47226.79
I,N,47262.05
I,N,47331.42
I,N,47292.55
I,N,47316.65
I,N,47285.16
I,N,47279.97
I,N,47307.08
I,N,47273.55
I,N,47227.97
I,N,47222.74
I,N,47215.68
I,N,47194.47
I,N,47190.69
I,N,47176.59
I,N,47184.91
I,N,47198.28
I,N,47180.13
I,N,47182.34
I,N,47187.13
I,N,47185.89
I,N,47175.95
I,N,47138.62
I,N,47165.57
I,N,47169.82
I,N,47143.45
I,N,47153.54
I,N,47202.57
I,N,47169.87
I,N,47165.82
I,N,47204.22
I,N,47318.02
I,N,47407.38
I,N,47378.75
I,N,47452.52
I,N,47381.21
I,N,47422.21
I,N,47402.04
I,N,47402.09
I,N,47388.92
I,N,47313.42
I,N,47334.56
I,N,47302.45
I,N,47269.25
I,N,47260.77
I,N,47260.19
I,N,47269.81
I,N,47221.36
I,N,47212.51
I,N,47212
I,N,47196.47
I,N,47240.57
I,N,47244.11
I,N,47255.54
I,N,47266.75
I,N,47236.51
I,N,47243.81
I,N,47270.34
I,N,47278.58
I,N,47278.84
I,N,47270.47
I,N,47261.6
I,N,47233.57
I,N,47240.41
I,N,47271.35
I,N,47271.28
I,N,47278.63
I,N,47315.15
I,N,47331.64
I,N,47351.63
I,N,47350.79
I,N,47391.49
I,N,47407.48
I,N,47354.68
I,N,47425.09
I,N,47433.08
I,N,47398.92
I,N,47352.51
I,N,47355.09
I,N,47417.65
I,N,47437.27
I,N,47440.76
I,N,47519.44
I,N,47491.38
I,N,47429.68
I,N,47412.92
I,N,47371.22
I,N,47308.35
I,N,47297.27
I,N,47295.45
I,N,47281.68
I,N,47269.56
I,N,47253.79
I,N,47256.71
I,N,47265.94
I,N,47256.16
I,N,47292.45
I,N,47275.23
I,N,47318.26
I,N,47327.19
I,N,47353.62
I,N,47374.23
I,N,47357.97
I,N,47357.42
I,N,47402.02
I,N,47368.35
I,N,47391.35
I,N,47382.61
I,N,47374.07
I,N,47371.28
I,N,47376.4
I,N,47358.36
I,N,47394.68
I,N,47377.21
I,N,47315.98
I,N,47324.74
I,N,47357.78
I,N,47369.76
I,N,47334.38
I,N,47340.79
I,N,47342.84
I,N,47353.17
I,N,47289.38
I,N,47199.14
I,N,47049.89
I,N,47022.82
I,N,47058.14
I,N,46950.98
I,N,47001.56
I,N,47052.92
I,N,47112.69
I,N,47126.45
I,N,47201.49
I,N,47204.71
I,N,47139.9
I,N,47088.88
I,N,47144.53
I,N,47122.49
I,N,47089.29
I,N,47101.85
I,N,47049.13
I,N,47088.71
I,N,47096.11
I,N,47113.95
I,N,47138.58
I,N,47163.88
I,N,47162.88
I,N,47157.25
I,N,47121.97
I,N,47120.25
I,N,47141.34
I,N,47147.3
I,N,47155.8
I,N,47154.95
I,N,47155.48
I,N,47145.54
I,N,47148.91
I,N,47166.22
I,N,47166.78
I,N,47157.11
I,N,47161.35
I,N,47112.98
I,N,47065.81
I,N,47024.27
I,N,47007.9
I,N,47023.81
I,N,47051.29
I,N,47071.7
I,N,47085.45
I,N,47081.36
I,N,47123.83
I,N,47099.49
I,N,47117.36
I,N,47117.36
I,N,47113.78
I,N,47016.48
I,N,47016.48
I,N,46977.37
I,N,46981.83
I,N,47000.9
I,N,46976.29
I,N,46977.45
I,N,46964.92
I,N,46757.86
I,N,46790.15
I,N,46775.89
I,N,46658.55
I,N,46668.1
I,N,46685.29
I,N,46703.43
I,N,46727.44
I,N,46760.46
I,N,46790.42
I,N,46788.86
I,N,46800.04
I,N,46806.47
I,N,46818.02
I,N,46845.15
I,N,46817.06
I,N,46829.64
I,N,46822.86
I,N,46816.86
I,N,46765.49
I,N,46798.83
I,N,46833.64
I,N,46827.15
I,N,46811.07
I,N,46807.98
I,N,46792.32
I,N,46715.57
I,N,46773.51
I,N,46812.61
I,N,46689.54
I,N,46682.41
I,N,46656.41
I,N,46692.98
I,N,46447.9
I,N,46405.51
I,N,46400.97
I,N,46403.58
I,N,46419.1
I,N,46518.73
I,N,46544.52
I,N,46582.28
I,N,46560.63
I,N,46545.18
I,N,46418.34
I,N,46391.26
I,N,46344.72
I,N,46471.34
I,N,46398.47
I,N,46423.94
I,N,46476.04
I,N,46472.85
I,N,46499.38
I,N,46495.37
I,N,46512.49
I,N,46501.7
I,N,46500.25
I,N,46511.72
I,N,46680.32
I,N,46634.34
I,N,46618.58
I,N,46629.92
I,N,46629.05
I,N,46616.94
I,N,46562.62
I,N,46556.81
I,N,46546.1
I,N,46548.37
I,N,46516.68
I,N,46437.31
I,N,46424.49
I,N,46443.4
I,N,46501.56
I,N,46456.96
I,N,46416.55
I,N,46414.1
I,N,46357.86
I,N,46148.17
I,N,45918.95
I,N,45973.76
I,N,45833.81
I,N,45716.96
I,N,45707.31
I,N,45665.64
I,N,45617.3
I,N,45549.33
I,N,45483.53
I,N,45560.82
I,N,45689.98
I,N,45744.12
I,N,45685.51
I,N,45676.08
I,N,45531.63
I,N,45525.08
I,N,45572.97
I,N,45544.84
I,N,45371.46
I,N,45376.71
I,N,45393.4
I,N,45367.66
I,N,45531.05
I,N,45426.17
I,N,45386.31
I,N,45327.91
I,N,45189.65
I,N,45185.95
I,N,45151.83
I,N,45087.88
I,N,45154.55
I,N,45273.01
I,N,45337.15
I,N,45358.39
I,N,45400.48
I,N,45427.93
I,N,45676.22
I,N,45647.59
I,N,45676.42
I,N,45757.06
I,N,45741.5
I,N,45756.79
I,N,45730.99
I,N,45763.65
I,N,45751.17
I,N,45773.82
I,N,45811.94
I,N,45983.14
I,N,46126.45
I,N,46001.44
I,N,46037.92
I,N,46243.98
I,N,46339.23
I,N,46266.5
I,N,46301.63
I,N,46237.2
I,N,46175.47
I,N,46153.44
I,N,46214.67
I,N,46155.87
I,N,46170.68
I,N,45941.13
I,N,45749.67
I,N,45875.52
I,N,45801.56
I,N,45748.63
I,N,45745.39
I,N,45866.43
I,N,46052.31
I,N,46235.38
I,N,46168.96
I,N,46213.25
I,N,46067.1
I,N,46087.03
I,N,46129.05
I,N,46247.53
I,N,46295.64
I,N,46372.34
I,N,46452.04
I,N,46555.65
I,N,46539.52
I,N,46444.77
I,N,46396.39
I,N,46403.3
I,N,46426.45
I,N,46369.07
I,N,46331.05
I,N,46370.64
I,N,46330.37
I,N,46385.75
I,N,46315.88
I,N,46292.65
I,N,46304.93
I,N,46323.88
I,N,46290.04
I,N,46356.15
I,N,46285.98
I,N,46183.62
I,N,46198.02
I,N,46191.36
I,N,46234.59
I,N,46191.12
I,N,46183.8
I,N,46195.63
I,N,46246.82
I,N,46199.36
I,N,46246.57
I,N,46313.05
I,N,46304.97
I,N,46347.57
I,N,46321.24
I,N,46419.24
I,N,46577.03
I,N,46513.42
I,N,46474.04
I,N,46452.12
I,N,46434.25
I,N,46409.73
I,N,46481.71
I,N,46434.59
I,N,46409.95
I,N,46369.85
I,N,46284.33
I,N,46279.11
I,N,46283.55
I,N,46366.49
I,N,46392.22
I,N,46386.79
I,N,46448.08
I,N,46475.59
I,N,46481.12
I,N,46539.33
I,N,46527.11
I,N,46529.94
I,N,46523.83
I,N,46516.26
I,N,46394.27
I,N,46363.49
I,N,46435.79
I,N,46363.36
I,N,46436.11
I,N,46594.76
I,N,46594.76
I,N,46573.33
I,N,46573.33
I,N,46561.63
I,N,46547.48
I,N,46482.7
I,N,46482.7
I,N,46508.6
I,N,46508.6
I,N,46466.14
I,N,46466.14
I,N,46475.89
I,N,46475.89
I,N,46488.68
I,N,46413.2
I,N,46421.89
I,N,46288.45
I,N,46255.41
I,N,46271.86
I,N,46228.65
I,N,46265.31
I,N,46251.69
I,N,46293.6
I,N,46309.44
I,N,46337.49
I,N,46305.1
I,N,46332.13
I,N,46330.43
I,N,46345.76
I,N,46444.94
I,N,46484.07
I,N,46394.03
I,N,46515.21
I,N,46539.82
I,N,46520.19
I,N,46533.89
I,N,46480.79
I,N,46495.49
I,N,46458.45
I,N,46460.74
I,N,46515.53
I,N,46476.5
I,N,46408.22
I,N,46420.51
I,N,46491.3
I,N,46380.99
I,N,46368.16
I,N,46404.57
I,N,46353.71
I,N,46272.44
I,N,46284.31
I,N,46270.29
I,N,46219.62
I,N,46177.86
I,N,46128.85
I,N,46096.03
I,N,46109.29
I,N,46115.04
I,N,45953.61
I,N,45969.71
I,N,46004.42
I,N,45955.88
I,N,45804.74
I,N,45946.1
I,N,45912.92
I,N,45810.76
I,N,45846.5
I,N,45858.99
I,N,45818.66
I,N,45932.91
I,N,45870.82
I,N,45882.72
I,N,45909.19
I,N,45969.87
I,N,45913.89
I,N,45927.09
I,N,45908.5
I,N,45808.28
I,N,45684.54
I,N,45717.5
I,N,45718.5
I,N,45718.5
I,N,45553.73
I,N,45461.49
I,N,45454.74
I,N,45457.9
I,N,45432.61
I,N,45476.12
I,N,45553.7
I,N,45628.48
I,N,45571.83
I,N,45509.1
I,N,45519
I,N,45369.88
I,N,45377.11
I,N,45315.76
I,N,45353.29
I,N,45413.21
I,N,45336.71
I,N,45298
I,N,45393.83
I,N,45538.23
I,N,45430.11
I,N,45519.47
I,N,45496.13
I,N,45376.67
I,N,45344.46
I,N,45266.23
I,N,45184.81
I,N,45338.74
I,N,45287.8
I,N,45364.87
I,N,45434.17
I,N,45530.54
I,N,45607.68
I,N,45679.81
I,N,45624.9
I,N,45576.13
I,N,45561.18
I,N,45465.41
I,N,45405.79
I,N,45476.38
I,N,45412.8
I,N,45297.29
I,N,45304.22
I,N,45376.92
I,N,45416.89
I,N,45412.77
I,N,45494.67
I,N,45481.98
I,N,45428.78
I,N,45414.41
I,N,45397.69
I,N,45256.41
I,N,45332.03
I,N,45301.44
I,N,45229.9
I,N,45080.05
I,N,44834.91
I,N,44730.59
I,N,44675.73
I,N,44678.42
I,N,44766.16
I,N,44832.55
I,N,44864.68
I,N,44896.39
I,N,44966.89
I,N,45077
I,N,44901.76
I,N,44852.88
I,N,44838.64
I,N,44742.99
I,N,44632.15
I,N,44728.72
I,N,44758.69
I,N,44691.39
I,N,44747.64
I,N,44685.54
I,N,44644.63
I,N,44816.79
I,N,44705.88
I,N,44579.23
I,N,44598.91
I,N,44496.88
I,N,44437.73
I,N,44504.23
I,N,44635.63
I,N,44641.42
I,N,44676.39
I,N,44794.57
I,N,44798.05
I,N,44789.8
I,N,44679.89
I,N,44752.21
I,N,44759.79
I,N,44888.27
I,N,44889.67
I,N,44881.45
I,N,44855.71
I,N,44931.08
I,N,44847.48
I,N,44911.12
I,N,44902.52
I,N,44921.87
I,N,44868.67
I,N,44722.34
I,N,44713.13
I,N,44761.57
I,N,44799.14
I,N,44747.99
I,N,44834.94
I,N,44959.4
I,N,45080.18
I,N,45021.61
I,N,45052.71
I,N,45037.72
I,N,44983.86
I,N,44952.27
I,N,44975.83
I,N,44956.18
I,N,44964.03
I,N,44870.82
I,N,44912.49
I,N,44812.81
I,N,44835.9
I,N,44821.33
I,N,44842.92
I,N,44926.12
I,N,44876.46
I,N,44843.14
I,N,44801.83
I,N,44800.02
I,N,44791.48
I,N,44718.19
I,N,44642.38
I,N,44628.77
I,N,44599.48
I,N,44469.83
I,N,44365.84
I,N,44500.95
I,N,44500.95
I,N,44720.48
I,N,44720.48
I,N,44759.5
I,N,44932.72
I,N,44880.11
I,N,44940.76
I,N,44940.76
I,N,44909.58
I,N,44899.05
I,N,44894.58
I,N,44894.58
I,N,44959.16
I,N,45362.03
I,N,45327.82
I,N,45268.88
I,N,45155.18
I,N,45182.05
I,N,45191.02
I,N,45144.29
I,N,45025.16
I,N,44890.18
I,N,44906.42
I,N,45090.59
I,N,44978.85
I,N,45024.77
I,N,45088.27
I,N,44962.68
I,N,45037.09
I,N,45170.13
I,N,45029.76
I,N,45091.41
I,N,45052.93
I,N,45181.95
I,N,45194.42
I,N,45207.42
I,N,45177.51
I,N,45156.84
I,N,45103.13
I,N,44962.17
I,N,44951.26
I,N,44969.06
I,N,44707.96
I,N,44753.99
I,N,44670.55
I,N,44809.57
I,N,44738.44
I,N,44741.79
I,N,44676.72
I,N,44725.78
I,N,44768.8
I,N,44743.67
I,N,44784.68
I,N,44866.27
I,N,44760.03
I,N,44654.25
I,N,44765.45
I,N,44692.82
I,N,44795.09
I,N,44681.8
I,N,44286.05
I,N,44323.89
I,N,44177.97
I,N,44163.24
I,N,44220.88
I,N,44251.79
I,N,44108.9
I,N,43940.95
I,N,44117.06
I,N,43933.53
I,N,43951.82
I,N,43995.4
I,N,44201.65
I,N,44131.81
I,N,44214.15
I,N,44134.93
I,N,44506.85
I,N,44512.57
I,N,44572.12
I,N,44520.64
I,N,44693.89
I,N,44665.7
I,N,44695.96
I,N,44670.8
I,N,44759.75
I,N,44848.74
I,N,44848.65
I,N,44841.58
I,N,44923.39
I,N,44877.21
I,N,44834.08
I,N,44809.22
I,N,44802.29
I,N,44826.3
I,N,44758.56
I,N,44646.92
I,N,44688.94
I,N,44609.86
I,N,44553.28
I,N,44652.69
I,N,44593.89
I,N,44574.18
I,N,44774.66
I,N,44681.02
I,N,44617.23
I,N,44649.68
I,N,44685.79
I,N,44596.6
I,N,44526.34
I,N,44529.45
I,N,44612.28
I,N,44522.14
I,N,44611.3
I,N,44522
I,N,44474.94
I,N,44421.36
I,N,44433.9
I,N,44369.79
I,N,44391.63
I,N,44399.05
I,N,44310.13
I,N,44310.08
I,N,44183.53
I,N,44158.68
I,N,44246.67
I,N,44341.88
I,N,44302.29
I,N,44272.45
I,N,44387.04
I,N,44393.08
I,N,44513.35
I,N,44392.59
I,N,44485.84
I,N,44543.35
I,N,44502.51
I,N,44563.3
I,N,44577.33
I,N,44583.46
I,N,44634.55
I,N,44727.84
I,N,44703.02
I,N,44731.07
I,N,44723.87
I,N,44679.4
I,N,44686.55
I,N,44726.69
I,N,44597.08
I,N,44597.63
I,N,44532.54
I,N,44464.51
I,N,44470.66
I,N,44404.01
I,N,44333.84
I,N,44338.07
I,N,44383.31
I,N,44382.27
I,N,44360.02
I,N,44305.78
I,N,44285.31
I,N,44322.62
I,N,44389.79
I,N,44326.06
I,N,44429.88
I,N,44407.55
I,N,44563.06
I,N,44660.14
I,N,44612.51
I,N,44596.51
I,N,44529.17
I,N,44506.85
I,N,44421.39
I,N,44428.6
I,N,44399.57
I,N,44444.7
I,N,44491.96
I,N,44522.79
I,N,44444.69
I,N,44511.85
I,N,44639.92
I,N,44663.12
I,N,44767.09
I,N,44737.28
I,N,44852.32
I,N,44730.12
I,N,44839.97
I,N,44810.3
I,N,44800.92
I,N,44798.3
I,N,44803.5
I,N,44824.86
I,N,44849.55
I,N,44720.68
I,N,44762.61
I,N,44693.15
I,N,44667.55
I,N,44661.64
I,N,44669.99
I,N,44745.16
I,N,44779.68
I,N,44784.19
I,N,44812.73
I,N,44853.7
I,N,45045.52
I,N,44992.68
I,N,44988.21
I,N,45080.79
I,N,45085.78
I,N,45266.85
I,N,45192.2
I,N,45114.62
I,N,45087.06
I,N,45069.6
I,N,45023.39
I,N,45009.46
I,N,45004.7
I,N,45037.97
I,N,44975.24
I,N,44907.11
I,N,44928.61
I,N,44942.58
I,N,44902.82
I,N,44957.56
I,N,44904.47
I,N,44891.71
I,N,44879.86
I,N,44862.27
I,N,44841.1
I,N,44860.9
I,N,44839.27
I,N,44866.47
I,N,44837.86
I,N,44878.74
I,N,44907.11
I,N,44927.4
I,N,44893.78
I,N,44882.19
I,N,44895.36
I,N,44777.96
I,N,45050.8
I,N,45140.68
I,N,45109.3
I,N,45068.07
I,N,45307.28
I,N,45293.97
I,N,45293.97
I,N,45282.3
I,N,45267.14
I,N,45252.5
I,N,45200.75
I,N,45220
I,N,45202.6
I,N,45299.07
I,N,45377.89
I,N,45418.63
I,N,45414.14
I,N,45381.68
I,N,45318.68
I,N,45318.68
I,N,45309.08
I,N,45306.05
I,N,45275.04
I,N,45193.86
I,N,45151.74
I,N,45152.87
I,N,45166.6
I,N,45166.6
I,N,45139.38
I,N,45125.5
I,N,45170.78
I,N,45177.27
I,N,45148.26
I,N,45084.47
I,N,45060.73
I,N,45059.29
I,N,45089.39
I,N,45090.83
I,N,45071.91
I,N,45121.91
I,N,45178.87
I,N,45223.24
I,N,45207.27
I,N,45233.07
I,N,45171.27
I,N,45156.09
I,N,45270.82
I,N,45283.49
I,N,45196.84
I,N,45172.78
I,N,45147.64
I,N,45183.87
I,N,45254.69
I,N,45250.72
I,N,45215.48
I,N,45177.99
I,N,45153.94
I,N,45140.71
I,N,45114.84
I,N,45133.17
I,N,45056.75
I,N,45044.36
I,N,45003.54
I,N,44899.29
I,N,44888.33
I,N,44941.21
I,N,44965.01
I,N,44947.59
I,N,45002.7
I,N,45025.93
I,N,45076.81
I,N,45108.85
I,N,45122.79
I,N,45174.59
I,N,45219.74
I,N,45230.47
I,N,45229.61
I,N,45189.65
I,N,45157.43
I,N,45176.41
I,N,45207.03
I,N,45251.06
I,N,45234.99
I,N,45332.2
I,N,45464.61
I,N,45446.97
I,N,45426.64
I,N,45366.13
I,N,45414.81
I,N,45388.14
I,N,45362.83
I,N,45320.22
I,N,45326.43
I,N,45305.33
I,N,45303.32
I,N,45293.66
I,N,45227.84
I,N,45217.89
I,N,45224.97
I,N,45202.55
I,N,45183.51
I,N,45226.65
I,N,45179.28
I,N,45192.51
I,N,45238.59
I,N,45212.73
I,N,45253.69
I,N,45255.71
I,N,45193.1
I,N,45258.35
I,N,45246.07
I,N,45260.04
I,N,45199.62
I,N,45229.07
I,N,45243.13
I,N,45257.7
I,N,45244.71
I,N,45212.07
I,N,45266.22
I,N,45272.75
I,N,45207.54
I,N,45191.94
I,N,45087.93
I,N,45141.43
I,N,45159.15
I,N,45194.65
I,N,45267.39
I,N,45287.07
I,N,45279.6
I,N,45264.48
I,N,45325.12
I,N,45334.35
I,N,45341.07
I,N,45333.74
I,N,45292.18
I,N,45261.73
I,N,45385.72
I,N,45437.35
I,N,45423.36
I,N,45454.04
I,N,45479.79
I,N,45457.3
I,N,45462.61
I,N,45472.46
I,N,45453.93
I,N,45389.95
I,N,45420.17
I,N,45408.34
I,N,45405.54
I,N,45371.82
I,N,45323.97
I,N,45309.08
I,N,45306.24
I,N,45270.22
I,N,45278.47
I,N,45285.6
I,N,45276.61
I,N,45271.94
I,N,45281.42
I,N,45280.37
I,N,45291.22
I,N,45297.6
I,N,45389.03
I,N,45460.48
I,N,45382.1
I,N,45336.6
I,N,45302.34
I,N,45298.5
I,N,45245.56
I,N,45279.72
I,N,45290.54
I,N,45259.7
I,N,45250.52
I,N,45293.63
I,N,45310.18
I,N,45254.31
I,N,45291.99
I,N,45293.56
I,N,45379.05
I,N,45406.86
I,N,45399.51
I,N,45445.54
I,N,45408.65
I,N,45466.39
I,N,45490.59
I,N,45468.71
I,N,45478.4
I,N,45440.12
I,N,45469.81
I,N,45434.36
I,N,45393.96
I,N,45431.65
I,N,45358.03
I,N,45237.97
I,N,45164.93
I,N,45102.24
I,N,45015.4
I,N,45023.44
I,N,45063.68
I,N,44959.7
I,N,44920.72
I,N,44893
I,N,44943.34
I,N,44900.27
I,N,44902.94
I,N,44950.38
I,N,44997.76
I,N,45028.76
I,N,44965.03
I,N,44911.03
I,N,44953.19
I,N,44859.97
I,N,44803.8
I,N,44611.03
I,N,44600.92
I,N,44645.79
I,N,44626.6
I,N,44698.53
I,N,44681.69
I,N,44690.02
I,N,44679.33
I,N,44689.82
I,N,44682.75
I,N,44690.65
I,N,44759.29
I,N,44737.61
I,N,44742.95
I,N,44763.33
I,N,44751.08
I,N,44759.85
I,N,44767.59
I,N,44768.82
I,N,44772.27
I,N,44718.26
I,N,44752.82
I,N,44783.33
I,N,44780.53
I,N,44778.6
I,N,44824.93
I,N,44863.11
I,N,44870.53
I,N,44667.07
I,N,44589.21
I,N,44511.95
I,N,44601.86
I,N,44572.43
I,N,44616.67
I,N,44672.11
I,N,44607.85
I,N,44683.54
I,N,44663.09
I,N,44663.93
I,N,44689.89
I,N,44663.94
I,N,44737.78
I,N,44669.24
I,N,44734.46
I,N,44671.11
I,N,44681.63
I,N,44558.09
I,N,44552.68
I,N,44546.48
I,N,44546.48
I,N,44494.14
I,N,44513.84
I,N,44513.84
I,N,44483.43
I,N,44463.56
I,N,44498.99
I,N,44542.9
I,N,44545.63
I,N,44545.63
I,N,44541.24
I,N,44580.9
I,N,44554.14
I,N,44564.76
I,N,44557.3
I,N,44549.81
I,N,44592.29
I,N,44607.82
I,N,44620.03
I,N,44607.97
I,N,44611.04
I,N,44593.93
I,N,44611.31
I,N,44595.8
I,N,44566.47
I,N,44665.5
I,N,44635.79
I,N,44616.86
I,N,44597.49
I,N,44572.19
I,N,44532.17
I,N,44554.85
I,N,44534.48
I,N,44504.16
I,N,44267.38
I,N,44260.77
I,N,44261.01
I,N,44238.88
I,N,44309.08
I,N,44287.65
I,N,44312.38
I,N,44220.01
I,N,44138.67
I,N,44033.87
I,N,43795.58
I,N,43870.34
I,N,43855.14
I,N,43981
I,N,43973.67
I,N,43719.29
I,N,43752.91
I,N,43990.75
I,N,43964.88
I,N,43978.22
I,N,44030.53
I,N,44132.87
I,N,44064.48
I,N,44049.74
I,N,43977.1
I,N,43801.96
I,N,43725.01
I,N,44155.19
I,N,44039.22
I,N,44199.32
I,N,44134.87
I,N,44292.36
I,N,44286.57
I,N,44306.24
I,N,44377.62
I,N,44346.04
I,N,44391.36
I,N,44382.07
I,N,44378.28
I,N,44367.38
I,N,44375.77
I,N,44308.84
I,N,44295.66
I,N,44329.65
I,N,44340.89
I,N,44374.14
I,N,44377.75
I,N,44378.68
I,N,44434.08
I,N,44352.9
I,N,44402.94
I,N,44367.83
I,N,44361.73
I,N,44330.33
I,N,44304.64
I,N,44359.16
I,N,44428.14
I,N,44448.08
I,N,44431.68
I,N,44450.28
I,N,44550.9
I,N,44495.28
I,N,44466.9
I,N,44494.5
I,N,44441.83
I,N,44431.32
I,N,44411.93
I,N,44381.65
I,N,44355.7
I,N,44356.38
I,N,44328.3
I,N,44305.94
I,N,44313.5
I,N,44318.85
I,N,44306.89
I,N,44357.29
I,N,44186.74
I,N,44103.33
I,N,44024.7
I,N,43987.3
I,N,44075.94
I,N,44009.13
I,N,43924.22
I,N,43895.48
I,N,43900.56
I,N,43907.62
I,N,43875.5
I,N,43866.96
I,N,43862.19
I,N,43791.09
I,N,43793.41
I,N,43809.73
I,N,43723.39
I,N,43551.12
I,N,43665.41
I,N,43669.11
I,N,43698.21
I,N,43713.82
I,N,43687.76
I,N,43598.89
I,N,43476.82
I,N,43504
I,N,43509.62
I,N,43382.61
I,N,43413.01
I,N,43366.53
I,N,43322.66
I,N,43422.05
I,N,43382.32
I,N,43387.14
I,N,43293.06
I,N,43237.3
I,N,43317.04
I,N,43361.72
I,N,43405.7
I,N,43421.43
I,N,43426.96
I,N,43401.63
I,N,43436.17
I,N,43420.01
I,N,43407.6
I,N,43344.9
I,N,43250.33
I,N,43457.12
I,N,43558.65
I,N,43671.53
I,N,43757.62
I,N,43722.52
I,N,43683.35
I,N,43701.44
I,N,43695.25
I,N,43645.9
I,N,43580.29
I,N,43424.81
I,N,43397.59
I,N,43457.3
I,N,43462.62
I,N,43520.99
I,N,43623.6
I,N,43566.86
I,N,43649.29
I,N,43672.88
I,N,43678.47
I,N,43638.87
I,N,43577.74
I,N,43522.48
I,N,43508.07
I,N,43454.47
I,N,43400.57
I,N,43338.27
I,N,43377.2
I,N,43453.82
I,N,43393.29
I,N,43436.78
I,N,43476.23
I,N,43578.55
I,N,43568.82
I,N,43641.43
I,N,43646.46
I,N,43638.01
I,N,43694.82
I,N,43718.28
I,N,43749.96
I,N,43784.92
I,N,43783.75
I,N,43707.65
I,N,43736.03
I,N,43684.04
I,N,43620.93
I,N,43650.01
I,N,43716.73
I,N,43761.39
I,N,43722.77
I,N,43714.24
I,N,43708.28
I,N,43713.52
I,N,43640.79
I,N,43638.3
I,N,43625.59
I,N,43645.05
I,N,43612.42
I,N,43501.87
I,N,43579.27
I,N,43423.08
I,N,43370.05
I,N,43388.54
I,N,43388.54
I,N,43389.87
I,N,43407.69
I,N,43414
I,N,43438.61
I,N,43485.51
I,N,43643.82
I,N,43680.22
I,N,43680.22
I,N,43773.55
I,N,43774.74
I,N,43888.81
I,N,43877.63
I,N,43834.88
I,N,43797.19
I,N,43816.08
I,N,43832.45
I,N,43796.12
I,N,43796.77
I,N,43790.96
I,N,43766.81
I,N,43768.71
I,N,43664.76
I,N,43608.37
I,N,43562.95
I,N,43515.46
I,N,43500.09
I,N,43459.92
I,N,43435.11
I,N,43470.3
I,N,43493.14
I,N,43470.15
I,N,43467.69
I,N,43498.29
I,N,43494.1
I,N,43490.57
I,N,43488.49
I,N,43489.92
I,N,43523.8
I,N,43633.72
I,N,43618.86
I,N,43560.29
I,N,43466.79
I,N,43452.74
I,N,43468.58
I,N,43407.11
I,N,43396.19
I,N,43355.8
I,N,43282.1
I,N,43261.03
I,N,43271
I,N,43264.74
I,N,43177.88
I,N,43190.22
I,N,43131.18
I,N,43219.29
I,N,43222.96
I,N,43310.35
I,N,43333.79
I,N,43383.35
I,N,43396.74
I,N,43497.45
I,N,43478.78
I,N,43473.43
I,N,43509.4
I,N,43532.79
I,N,43514.41
I,N,43484.61
I,N,43522.44
I,N,43420
I,N,43425.48
I,N,43433.79
I,N,43446.04
I,N,43354.92
I,N,43447.09
I,N,43527.54
I,N,43509.69
I,N,43498.12
I,N,43480.99
I,N,43555.03
I,N,43587.56
I,N,43609.07
I,N,43593.18
I,N,43604.96
I,N,43624.81
I,N,43606.55
I,N,43648.41
I,N,43600.26
I,N,43589.14
I,N,43554.25
I,N,43569.3
I,N,43467.9
I,N,43437.91
I,N,43428.18
I,N,43435.12
I,N,43442.78
I,N,43477.11
I,N,43490.33
I,N,43513.27
I,N,43599.84
I,N,43587.09
I,N,43599.3
I,N,43582.14
I,N,43614.17
I,N,43718.96
I,N,43682.73
I,N,43734.97
I,N,43757.42
I,N,43737.64
I,N,43754.72
I,N,43748.01
I,N,43739.56
I,N,43701.11
I,N,43731.85
I,N,43839.28
I,N,43813.34
I,N,43784.91
I,N,43795.83
I,N,43837.83
I,N,43834.34
I,N,43832.29
I,N,43823.32
I,N,43805.52
I,N,43767.95
I,N,43814.53
I,N,43775.12
I,N,43806.24
I,N,43738
I,N,43750.73
I,N,43776.99
I,N,43743.53
I,N,43739.21
I,N,43694.58
I,N,43693.65
I,N,43734.01
I,N,43737.96
I,N,43747.03
I,N,43693.27
I,N,43644.74
I,N,43591.43
I,N,43628.38
I,N,43585.41
I,N,43524.26
I,N,43567.58
I,N,43617.55
I,N,43692.06
I,N,43705.35
I,N,43706.94
I,N,43767.56
I,N,43805.73
I,N,43814.99
I,N,43810.86
I,N,43808.43
I,N,43777.74
I,N,43769.87
I,N,43781.04
I,N,43784.19
I,N,43795.13
I,N,43805.53
I,N,43906.14
I,N,43911.38
I,N,44146.01
I,N,44167.22
I,N,44143.09
I,N,44150.71
I,N,44213.86
I,N,44291.89
I,N,44354.63
I,N,44319.93
I,N,44366.53
I,N,44493.92
I,N,44506.61
I,N,44421.85
I,N,44458.62
I,N,44537.66
I,N,44511.24
I,N,44526.49
I,N,44466.03
I,N,44435.5
I,N,44452.12
I,N,44467.39
I,N,44444.74
I,N,44490.57
I,N,44494.63
I,N,44454.64
I,N,44467.45
I,N,44461.43
I,N,44441.52
I,N,44424.57
I,N,44431.4
I,N,44417.97
I,N,44415.79
I,N,44402.11
I,N,44256.53
I,N,44348.64
I,N,44466.09
I,N,44482.72
I,N,44466.5
I,N,44402.76
I,N,44392.08
I,N,44391.88
I,N,44342.44
I,N,44345.12
I,N,44354.29
I,N,44351.1
I,N,44342.48
I,N,44338.86
I,N,44348.53
I,N,44324.06
I,N,44326.86
I,N,44318.09
I,N,44294.82
I,N,44338.48
I,N,44314.35
I,N,44199.16
I,N,44230.64
I,N,44277.11
I,N,44261.46
I,N,44269.33
I,N,44317.57
I,N,44329.67
I,N,44312.21
I,N,44312.21
I,N,44374.44
I,N,44374.44
I,N,44397.83
I,N,44397.83
I,N,44420.66
I,N,44441.09
I,N,44441.09
I,N,44795.05
I,N,44941.74
I,N,44941.74
I,N,45081.38
I,N,45080.87
I,N,45078.82
I,N,45014.46
I,N,45017.76
I,N,45103.26
I,N,45282.97
I,N,45361.57
I,N,45347.26
I,N,45313.67
I,N,45366.04
I,N,45273.92
I,N,45289.42
I,N,45303.96
I,N,45352.05
I,N,44993.71
I,N,45115.76
I,N,45158.22
I,N,45136.12
I,N,45141.71
I,N,45153.27
I,N,45147.88
I,N,45157.25
I,N,45282.04
I,N,45247.16
I,N,45226.52
I,N,45204.86
I,N,45192.15
I,N,45197.84
I,N,45203.73
I,N,45237.12
I,N,45186.72
I,N,45240.37
I,N,45259.14
I,N,45309.92
I,N,45295.29
I,N,45345.97
I,N,45248.09
I,N,45255.24
I,N,45318.7
I,N,45340.7
I,N,45400.6
I,N,45354.26
I,N,45318.7
I,N,45394.87
I,N,45348.43
I,N,45290.67
I,N,45357.81
I,N,45359.51
I,N,45350.5
I,N,45352.39
I,N,45344.5
I,N,45348.12
I,N,45309.15
I,N,45337.57
I,N,45344.46
I,N,45331.64
I,N,45274.12
I,N,45260.86
I,N,45258.33
I,N,45260.21
I,N,45272.85
I,N,45175.46
I,N,45211.51
I,N,45268.53
I,N,45272.15
I,N,45282.9
I,N,45319.26
I,N,45340.86
I,N,45394.7
I,N,45406.71
I,N,45336.67
I,N,45325.6
I,N,45371.87
I,N,45363.22
I,N,45317.68
I,N,45320.48
I,N,45256.79
I,N,45245.41
I,N,45247.71
I,N,45277.49
I,N,45273.7
I,N,45266.75
I,N,45276.42
I,N,45271.79
I,N,45281.04
I,N,45290.28
I,N,45300.98
I,N,45314.85
I,N,45332.73
I,N,45279.98
I,N,45271.37
I,N,45228.15
I,N,45176.56
I,N,44992.45
I,N,44987.87
I,N,44936.62
I,N,45002.47
I,N,45075.02
I,N,45069.34
I,N,45088.89
I,N,45126.74
I,N,45179.01
I,N,45147
I,N,45163.07
I,N,45169.68
I,N,45192.84
I,N,45177.54
I,N,45225.8
I,N,45224.14
I,N,45233.52
I,N,45154.9
I,N,45195.59
I,N,45251.78
I,N,45203.23
I,N,45231.24
I,N,45221.83
I,N,45237.86
I,N,45242.88
I,N,45252.81
I,N,45288.28
I,N,45413.84
I,N,45799.32
I,N,45780.44
I,N,45833.21
I,N,45972.32
I,N,45869.44
I,N,45950.2
I,N,45909.66
I,N,45920.37
I,N,45865.13
I,N,45866.16
I,N,45856.62
I,N,45832.73
I,N,45814.54
I,N,45789.32
I,N,45820.51
I,N,45826.11
I,N,45812.59
I,N,45791.68
I,N,45793.77
I,N,45815.52
I,N,45806.72
I,N,45790.87
I,N,45756.28
I,N,45737.08
I,N,45743.06
I,N,45704.69
I,N,45620.52
I,N,45652.13
I,N,45652.39
I,N,45641.63
I,N,45587.72
I,N,45561.23
I,N,45492.82
I,N,45408.15
I,N,45379.14
I,N,45422.48
I,N,45459.96
I,N,45327.5
I,N,45317.73
I,N,45308.16
I,N,45333.52
I,N,45287.74
I,N,45367.64
I,N,45114.14
I,N,45146.69
I,N,45083.92
I,N,45084.48
I,N,45094.13
I,N,45067.28
I,N,45090.3
I,N,45017.64
I,N,45051.63
I,N,44989.59
I,N,45038.92
I,N,45073.11
I,N,45083.08
I,N,45113.92
I,N,45203.19
I,N,45325.7
I,N,45387.14
I,N,45301.07
I,N,45242
I,N,45174.18
I,N,45065.14
I,N,45058.09
I,N,45091.22
I,N,45181.01
I,N,45286.23
I,N,45285.31
I,N,45337.62
I,N,45363.79
I,N,45350.02
I,N,45431.43
I,N,45601.63
I,N,45902.7
I,N,45925.17
I,N,46072.83
I,N,46148.21
I,N,46380.33
I,N,46274.3
I,N,46225.9
I,N,46181.58
I,N,46263.48
I,N,46237.5
I,N,46237.2
I,N,46237.2
I,N,46247.05
I,N,46426.75
I,N,46426.75
I,N,46492.8
I,N,46492.8
I,N,46577.89
I,N,46577.89
I,N,46535.62
I,N,46520.7
I,N,46520.7
I,N,46607.05
I,N,46607.05
I,N,46555.71
I,N,46490.3
I,N,46472.46
I,N,46425.42
I,N,46294.74
I,N,46285.79
I,N,46304.72
I,N,46265.82
I,N,46296.53
I,N,46270.05
I,N,46316
I,N,46428.97
I,N,46347.23
I,N,46409.54
I,N,46409.36
I,N,46339.59
I,N,46363.78
I,N,46326.81
I,N,46355.95
I,N,46416.96
I,N,46340.85
I,N,46305.5
I,N,46341.05
I,N,46272.11
I,N,46218.04
I,N,46243.52
I,N,46221.97
I,N,46232.53
I,N,46244.67
I,N,46210.43
I,N,46185.66
I,N,46174.97
I,N,46144.94
I,N,46128.63
I,N,46188.34
I,N,46162.8
I,N,46171.48
I,N,46192.91
I,N,46201.32
I,N,46006.04
I,N,45992.16
I,N,46029.41
I,N,46090.66
I,N,46207.76
I,N,46178.8
I,N,46159
I,N,46206.12
I,N,46195.46
I,N,46218.54
I,N,46277.28
I,N,46508.29
I,N,46454.49
I,N,46405.14
I,N,46371.37
I,N,46329.09
I,N,46407.36
I,N,46302.09
I,N,46264.65
I,N,46281.03
I,N,46245.28
I,N,46263.64
I,N,46288.41
I,N,46337.29
I,N,46330.74
I,N,46413.23
I,N,46364.96
I,N,46404.76
I,N,46413.69
I,N,46408.35
I,N,46432.79
I,N,46404.75
I,N,46387.96
I,N,46406.79
I,N,46358.22
I,N,46210.51
I,N,46218.46
I,N,46253.58
I,N,46250.38
I,N,46237.72
I,N,46364.97
I,N,46251.55
I,N,46324.49
I,N,46373.77
I,N,46357.01
I,N,46366.55
I,N,46386.09
I,N,46393.59
I,N,46364.49
I,N,46389.29
I,N,46426.86
I,N,46401.41
I,N,46429.56
I,N,46442.17
I,N,46473.2
I,N,46509.19
I,N,46479.07
I,N,46444.55
I,N,46389.24
I,N,46396.74
I,N,46478.22
I,N,46485.05
I,N,46480.57
I,N,46522.78
I,N,46736.03
I,N,46787.8
I,N,46804.75
I,N,46857.61
I,N,46786.84
I,N,46769.47
I,N,46841.67
I,N,46858.19
I,N,46861.67
I,N,46858.5
I,N,46844.39
I,N,46760.91
I,N,46779.35
I,N,46735.15
I,N,46744.15
I,N,46716.17
I,N,46708.38
I,N,46709.61
I,N,46720.84
I,N,46708.28
I,N,46695.3
I,N,46644.33
I,N,46611.09
I,N,46666.35
I,N,46615.86
I,N,46633.55
I,N,46670.33
I,N,46657.45
I,N,46645.22
I,N,46626.16
I,N,46592.59
I,N,46515.61
I,N,46540.69
I,N,46538.3
I,N,46481.5
I,N,46558.4
I,N,46528.38
I,N,46544.01
I,N,46563.59
I,N,46576.94
I,N,46542.99
I,N,46485.39
I,N,46427.32
I,N,46337.39
I,N,46391.06
I,N,46422.98
I,N,46423.03
I,N,46417.55
I,N,46423.68
I,N,46427.92
I,N,46447.33
I,N,46500.71
I,N,46505.21
I,N,46526.86
I,N,46548.23
I,N,46532.37
I,N,46508.27
I,N,46511.6
I,N,46448.21
I,N,46486.77
I,N,46514.94
I,N,46531.11
I,N,46543.19
I,N,46550.3
I,N,46568.34
I,N,46575.57
I,N,46564.03
I,N,46542.71
I,N,46481.44
I,N,46535.94
I,N,46462.72
I,N,46471.07
I,N,46481.47
I,N,46454.08
I,N,46453.75
I,N,46442.22
I,N,46395.89
I,N,46358.05
I,N,46389.4
I,N,46383.76
I,N,46406.87
I,N,46342.69
I,N,46417.9
I,N,46355.44
I,N,46336.73
I,N,46398.95
I,N,46429.87
I,N,46370.25
I,N,46413.92
I,N,46450.5
I,N,46498.58
I,N,46498.58
I,N,46396.25
I,N,46422.85
I,N,46422.85
I,N,46471.72
I,N,46471.72
I,N,46486.28
I,N,46501.62
I,N,46511.87
I,N,46503.21
I,N,46475.26
I,N,46492.61
I,N,46487.24
I,N,46490.43
I,N,46497.36
I,N,46513.5
I,N,46498.18
I,N,46431.4
I,N,46402.83
I,N,46418.25
I,N,46400.91
I,N,46369.3
I,N,46342.43
I,N,46233
I,N,46170.31
I,N,46111.15
I,N,46070.16
I,N,46092.78
I,N,46108.97
I,N,46081.12
I,N,46117.82
I,N,46166.76
I,N,46174.61
I,N,46177.64
I,N,46139.95
I,N,46190.68
I,N,46188.62
I,N,46193.37
I,N,46188.99
I,N,46200.37
I,N,46133.75
I,N,46146.86
I,N,46156.2
I,N,46159.55
I,N,46125.11
I,N,46106.44
I,N,46142.56
I,N,46237.71
I,N,46255.58
I,N,46317.4
I,N,46386.24
I,N,46386.83
I,N,46398.28
I,N,46441.78
I,N,46713.48
I,N,46606.05
I,N,46587.62
I,N,46590.49
I,N,46540.19
I,N,46515.22
I,N,46514.09
I,N,46502.14
I,N,46493.48
I,N,46513.96
I,N,46475.47
I,N,46451.81
I,N,46513.72
I,N,46457.67
I,N,46446.58
I,N,46415.45
I,N,46401.57
I,N,46399.38
I,N,46379.89
I,N,46413.92
I,N,46448.39
I,N,46376.87
I,N,46396.4
I,N,46405.22
I,N,46396.92
I,N,46335.53
I,N,46327.31
I,N,46338.01
I,N,46337.97
I,N,46317.2
I,N,46303.45
I,N,46286.51
I,N,46313.96
I,N,46324.98
I,N,46324.21
I,N,46323.99
I,N,46301.62
I,N,46306.84
I,N,46268.3
I,N,46124.36
I,N,46171.16
I,N,46179.84
I,N,46215.62
I,N,46219.91
I,N,46213.69
I,N,46241.06
I,N,46212.3
I,N,46215.8
I,N,46231.38
I,N,46221.27
I,N,46201.11
I,N,46206.64
I,N,46184.4
I,N,46160.39
I,N,46161.85
I,N,46191.15
I,N,46160.29
I,N,46140.6
I,N,46147.52
I,N,46148.65
I,N,46149.6
I,N,46128.81
I,N,46128.02
I,N,46133.06
I,N,46127.94
I,N,46186.69
I,N,46210.53
I,N,46210.28
I,N,46228.41
I,N,46233.63
I,N,46247.85
I,N,46248.15
I,N,46206.86
I,N,46151.12
I,N,46148.06
I,N,46122.06
I,N,46163.33
I,N,46183.35
I,N,46185.09
I,N,46223.54
I,N,46241.62
I,N,46272.13
I,N,46257.63
I,N,46240.96
I,N,46252.3
I,N,46292.99
I,N,46281.62
I,N,46286.13
I,N,46292.32
I,N,46291.25
I,N,46268.93
I,N,46241.51
I,N,46215.86
I,N,46219.43
I,N,46224.75
I,N,46255.26
I,N,46265.1
I,N,46285.46
I,N,46250.46
I,N,46273.2
I,N,46308.1
I,N,46272.51
I,N,46258.69
I,N,46245.03
I,N,46194.76
I,N,46082.38
I,N,46075.9
I,N,46063.82
I,N,46051.24
I,N,45979.29
I,N,45966.66
I,N,45976.44
I,N,45896.67
I,N,45883.85
I,N,45848.91
I,N,45872.02
I,N,45834.57
I,N,45764.52
I,N,45746.84
I,N,45738.17
I,N,45798.71
I,N,45832.27
I,N,45841.34
I,N,45842.62
I,N,45863.49
I,N,45891.79
I,N,45883.47
I,N,45877.8
I,N,45879.43
I,N,45901.9
I,N,45936.68
I,N,46024.48
I,N,46042.63
I,N,46142.16
I,N,46141.81
I,N,46134.8
I,N,46099.35
I,N,46070.01
I,N,46038.48
I,N,46076.19
I,N,46118
I,N,46133.26
I,N,46132.1
I,N,46060.58
I,N,46186.66
I,N,46216.24
I,N,46196.11
I,N,46136.84
I,N,46197.36
I,N,46194.05
I,N,46178.76
I,N,46149.42
I,N,46138.61
I,N,46161.15
I,N,46136.24
I,N,46155.84
I,N,46170.34
I,N,46163.2
I,N,46174.08
I,N,46169.78
I,N,46164.43
I,N,46158.65
I,N,46088.21
I,N,46040.18
I,N,46011.8
I,N,46053.88
I,N,46083.52
I,N,46122.97
I,N,46086.78
I,N,46111.44
I,N,46080.4
I,N,46092.84
I,N,46077.35
I,N,46082.91
I,N,46105.11
I,N,46083.94
I,N,46085.98
I,N,46065.02
I,N,46000.18
I,N,45994.65
I,N,46018.92
I,N,46092.4
I,N,46103.07
I,N,46124.19
I,N,46213.75
I,N,46213.75
I,N,46363.51
I,N,46363.51
I,N,46323.29
I,N,46329.9
I,N,46422.68
I,N,46422.68
I,N,46448.86
I,N,46448.86
I,N,46425.17
I,N,46490.69
I,N,46478.23
I,N,46506.34
I,N,46525.31
I,N,46631.58
I,N,46630.64
I,N,46616.61
I,N,46633
I,N,46607.51
I,N,46609.28
I,N,46609.53
I,N,46600.5
I,N,46583.51
I,N,46640.75
I,N,46744.79
I,N,46856.35
I,N,46857.65
I,N,46832.27
I,N,46922.84
I,N,46973.04
I,N,47071.46
I,N,47034.97
I,N,47024.41
I,N,47001.49
I,N,46931.89
I,N,46906.59
I,N,46912.28
I,N,46971.32
I,N,46975.21
I,N,47037.45
I,N,47283.51
I,N,47196.23
I,N,47159.53
I,N,47161.98
I,N,47199.35
I,N,47195.09
I,N,47193.16
I,N,47164.16
I,N,47183.48
I,N,47146.86
I,N,47129.16
I,N,47192.85
I,N,47230.01
I,N,47212.74
I,N,47155.79
I,N,47157.06
I,N,47222.29
I,N,47235.96
I,N,47216.06
I,N,47185.01
I,N,47187.06
I,N,47201.87
I,N,47164.72
I,N,47112.94
I,N,47116.75
I,N,47126.44
I,N,47054.93
I,N,47082.75
I,N,47034.4
I,N,47091.01
I,N,47128.26
I,N,47264.43
I,N,47293.2
I,N,47373.75
I,N,47465.75
I,N,47422.43
I,N,47435.38
I,N,47381.49
I,N,47375.12
I,N,47404.35
I,N,47462.04
I,N,47448.77
I,N,47388.56
I,N,47382.57
I,N,47339.46
I,N,47295
I,N,47268.65
I,N,47255
I,N,47273.37
I,N,47359.64
I,N,47284.63
I,N,47307.34
I,N,47258.02
I,N,47240.75
I,N,47227.81
I,N,47242.11
I,N,47236.53
I,N,47255.29
I,N,47253.37
I,N,47282.8
I,N,47341.61
I,N,47294.82
I,N,47314.67
I,N,47329.93
I,N,47348.57
I,N,47345.38
I,N,47391.22
I,N,47386.69
I,N,47477.44
I,N,47519.15
I,N,47431.43
I,N,47425.96
I,N,47408.95
I,N,47461.08
I,N,47431.11
I,N,47394.92
I,N,47359.28
I,N,47387.4
I,N,47381.19
I,N,47334.47
I,N,47329.41
I,N,47327.75
I,N,47381.98
I,N,47402.1
I,N,47476.9
I,N,47418.64
I,N,47355.2
I,N,47333.05
I,N,47290.11
I,N,47249.07
I,N,47178.45
I,N,47082
I,N,47141.54
I,N,47173.12
I,N,47193.19
I,N,47233.35
I,N,47209.73
I,N,47277.6
I,N,47305.31
I,N,47387.61
I,N,47398.45
I,N,47378.05
I,N,47381.42
I,N,47394.25
I,N,47331.07
I,N,47328.38
I,N,47342.86
I,N,47330.43
I,N,47317.97
I,N,47241.61
I,N,47228.03
I,N,47214.43
I,N,47265.1
I,N,47218.78
I,N,47250.32
I,N,47242.16
I,N,47289.6
I,N,47297.72
I,N,47242.84
I,N,47302.2
I,N,47284.16
I,N,47236.65
I,N,47273.05
I,N,47301.63
I,N,47332.34
I,N,47369.83
I,N,47426.96
I,N,47597.65
I,N,47600.56
I,N,47599.45
I,N,47686.96
I,N,47621.67
I,N,47552.59
I,N,47506.72
I,N,47511.36
I,N,47665.58
I,N,47639.71
I,N,47634.57
I,N,47689.71
I,N,47705.08
I,N,47724.88
I,N,47676.57
I,N,47703.15
I,N,47695.19
I,N,47734.61
I,N,47733.54
I,N,47684.83
I,N,47606.64
I,N,47608.19
I,N,47574.46
I,N,47598.59
I,N,47574.95
I,N,47761.11
I,N,47701.33
I,N,47820.76
I,N,47874.1
I,N,47790.54
I,N,47836.45
I,N,47826.47
I,N,47797.9
I,N,47754.34
I,N,47819.45
I,N,47832.04
I,N,47871.8
I,N,47874.58
I,N,47881.93
I,N,47841.25
I,N,47823.96
I,N,47812.44
I,N,47828.98
I,N,47828.29
I,N,47813.19
I,N,47782.65
I,N,47788.89
I,N,47719.83
I,N,47637.55
I,N,47640.44
I,N,47653.81
I,N,47732.52
I,N,47761.69
I,N,47790.26
I,N,47783.02
I,N,47792.2
I,N,47818.02
I,N,47816.9
I,N,47775.75
I,N,47805.05
I,N,47781.44
I,N,47820.71
I,N,47849.62
I,N,47938.57
I,N,47916.49
I,N,47929.18
I,N,47909.99
I,N,47875.56
I,N,47851.42
I,N,47815.58
I,N,47776.51
I,N,47818.1
I,N,47788.74
I,N,47768.5
I,N,47794.38
I,N,47788.96
I,N,47846.51
I,N,47968.42
I,N,48005.11
I,N,47993.62
I,N,47993.62
I,N,48002.56
I,N,47972.54
I,N,47923.97
I,N,47935.17
I,N,47876.89
I,N,47876.89
I,N,47847.3
I,N,47847.3
I,N,47893.31
I,N,47900.09
I,N,47900.09
I,N,47858.31
I,N,47862.3
I,N,47873.41
I,N,47873.41
I,N,47870.21
I,N,47787.2
I,N,47763.88
I,N,47733.48
I,N,47688.09
I,N,47660.65
I,N,47658.12
I,N,47619.49
I,N,47573.7
I,N,47584.97
I,N,47619.6
I,N,47639.76
I,N,47656.76
I,N,47671.65
I,N,47674.87
I,N,47683.41
I,N,47700.44
I,N,47698.8
I,N,47660.94
I,N,47694.62
I,N,47683.55
I,N,47708.02
I,N,47715.54
I,N,47765.07
I,N,47837.99
I,N,47951.96
I,N,47942.33
I,N,48038.72
I,N,47971.75
I,N,48060.45
I,N,48049.12
I,N,48059.22
I,N,48059.12
I,N,48046.46
I,N,48030.28
I,N,48016.61
I,N,47946.86
I,N,48037.05
I,N,48042.27
I,N,47992.46
I,N,48180.18
I,N,48238.79
I,N,48237.45
I,N,48295.96
I,N,48262.73
I,N,48323.46
I,N,48320.68
I,N,48311.42
I,N,48301.84
I,N,48278.94
I,N,48269.25
I,N,48263.03
I,N,48275.65
I,N,48311.58
I,N,48343.48
I,N,48464.16
I,N,48484.68
I,N,48377.54
I,N,48314.42
I,N,48351.41
I,N,48372.3
I,N,48309.43
I,N,48307.23
I,N,48261.14
I,N,48219.61
I,N,48136.97
I,N,48158.54
I,N,48164.35
I,N,48171.33
I,N,48194.55
I,N,48161.4
I,N,48174.48
I,N,48122.05
I,N,48102.9
I,N,48072.8
I,N,48009.26
I,N,48056.19
I,N,48039.67
I,N,48026.15
I,N,48035.69
I,N,48043.68
I,N,48057.73
I,N,48067.41
I,N,48137.6
I,N,48158.59
I,N,48301.36
I,N,48211.56
I,N,48212.34
I,N,48216.61
I,N,48132.45
I,N,48109.66
I,N,48088.07
I,N,48041.8
I,N,48097.64
I,N,48078.28
I,N,48122.35
I,N,48134.49
I,N,48106.09
I,N,48082.95
I,N,47919.75
I,N,47863.4
I,N,47792.73
I,N,47813.96
I,N,47824.6
I,N,47891.94
I,N,47953.29
I,N,48008.28
I,N,48030.99
I,N,48032.55
I,N,48082.33
I,N,48088.69
